-- phpMyAdmin SQL Dump
-- version 4.8.5
-- https://www.phpmyadmin.net/
--
-- Host: 127.0.0.1
-- Generation Time: May 20, 2019 at 10:01 AM
-- Server version: 10.1.38-MariaDB
-- PHP Version: 7.2.16

SET SQL_MODE = "NO_AUTO_VALUE_ON_ZERO";
SET AUTOCOMMIT = 0;
START TRANSACTION;
SET time_zone = "+00:00";


/*!40101 SET @OLD_CHARACTER_SET_CLIENT=@@CHARACTER_SET_CLIENT */;
/*!40101 SET @OLD_CHARACTER_SET_RESULTS=@@CHARACTER_SET_RESULTS */;
/*!40101 SET @OLD_COLLATION_CONNECTION=@@COLLATION_CONNECTION */;
/*!40101 SET NAMES utf8mb4 */;

--
-- Database: `eapi`
--

-- --------------------------------------------------------

--
-- Table structure for table `migrations`
--

CREATE TABLE `migrations` (
  `id` int(10) UNSIGNED NOT NULL,
  `migration` varchar(191) COLLATE utf8mb4_unicode_ci NOT NULL,
  `batch` int(11) NOT NULL
) ENGINE=InnoDB DEFAULT CHARSET=utf8mb4 COLLATE=utf8mb4_unicode_ci;

--
-- Dumping data for table `migrations`
--

INSERT INTO `migrations` (`id`, `migration`, `batch`) VALUES
(1, '2014_10_12_000000_create_users_table', 1),
(2, '2014_10_12_100000_create_password_resets_table', 1),
(3, '2019_05_20_060126_create_products_table', 1),
(4, '2019_05_20_060240_create_reviews_table', 1);

-- --------------------------------------------------------

--
-- Table structure for table `password_resets`
--

CREATE TABLE `password_resets` (
  `email` varchar(191) COLLATE utf8mb4_unicode_ci NOT NULL,
  `token` varchar(191) COLLATE utf8mb4_unicode_ci NOT NULL,
  `created_at` timestamp NULL DEFAULT NULL
) ENGINE=InnoDB DEFAULT CHARSET=utf8mb4 COLLATE=utf8mb4_unicode_ci;

-- --------------------------------------------------------

--
-- Table structure for table `products`
--

CREATE TABLE `products` (
  `id` int(10) UNSIGNED NOT NULL,
  `name` varchar(191) COLLATE utf8mb4_unicode_ci NOT NULL,
  `detail` text COLLATE utf8mb4_unicode_ci NOT NULL,
  `price` int(11) NOT NULL,
  `stock` int(11) NOT NULL,
  `discount` int(11) NOT NULL,
  `created_at` timestamp NULL DEFAULT NULL,
  `updated_at` timestamp NULL DEFAULT NULL
) ENGINE=InnoDB DEFAULT CHARSET=utf8mb4 COLLATE=utf8mb4_unicode_ci;

--
-- Dumping data for table `products`
--

INSERT INTO `products` (`id`, `name`, `detail`, `price`, `stock`, `discount`, `created_at`, `updated_at`) VALUES
(1, 'ut', 'Omnis voluptate adipisci fuga aut sint magnam voluptatem. Aperiam est animi dolorem temporibus tenetur tempora voluptatem. Eos quod aspernatur officia consequuntur mollitia quisquam. Qui eum omnis quo qui nobis aut.', 491, 6, 30, '2019-05-20 14:55:32', '2019-05-20 14:55:32'),
(2, 'tempore', 'Totam facere sit consequatur rerum placeat qui. Voluptate a aut magnam delectus et eos eum. Ratione dolorem magni dolorum adipisci.', 622, 0, 25, '2019-05-20 14:55:32', '2019-05-20 14:55:32'),
(3, 'omnis', 'Vel possimus doloremque ut tenetur eum voluptatem. Qui optio reiciendis quis. Quo quisquam laborum repellendus mollitia temporibus sequi. Voluptatem eum enim occaecati quia incidunt maxime.', 253, 6, 25, '2019-05-20 14:55:32', '2019-05-20 14:55:32'),
(4, 'corrupti', 'Cupiditate ut iste laudantium omnis veniam in. Ut rerum minima et debitis et. Perspiciatis aut qui enim quibusdam perferendis accusantium.', 325, 6, 7, '2019-05-20 14:55:33', '2019-05-20 14:55:33'),
(5, 'culpa', 'Asperiores autem quae sunt et modi. Ut ad nesciunt assumenda autem ut porro. Minima provident aut praesentium deleniti. Aut quis facilis et ut cupiditate.', 767, 2, 17, '2019-05-20 14:55:33', '2019-05-20 14:55:33'),
(6, 'nostrum', 'Consequatur magni molestiae recusandae alias officia incidunt mollitia. Quasi libero quasi modi eum adipisci est nostrum. Nobis fuga id temporibus non aut.', 250, 0, 5, '2019-05-20 14:55:33', '2019-05-20 14:55:33'),
(7, 'voluptate', 'Dicta in a corrupti. Ipsam sed ut cupiditate laboriosam. Velit nobis voluptatem adipisci aut sequi aliquid quam. Libero asperiores reprehenderit nesciunt.', 433, 9, 13, '2019-05-20 14:55:33', '2019-05-20 14:55:33'),
(8, 'totam', 'Voluptas asperiores eum inventore. Nulla qui sunt recusandae ducimus maxime dolores quibusdam sunt. At labore dolorem at non eius autem quidem voluptas. Culpa aliquid ab temporibus autem.', 312, 7, 21, '2019-05-20 14:55:33', '2019-05-20 14:55:33'),
(9, 'et', 'Blanditiis laboriosam omnis voluptas sint pariatur nostrum. Magnam assumenda ullam delectus quae et occaecati. Perferendis quis unde sit omnis.', 497, 2, 29, '2019-05-20 14:55:33', '2019-05-20 14:55:33'),
(10, 'non', 'Magni aut in rerum autem quia ut. Eaque veritatis facere esse.', 557, 7, 25, '2019-05-20 14:55:33', '2019-05-20 14:55:33'),
(11, 'adipisci', 'Est id ipsum quaerat velit velit optio. Sed dolorem neque eos dolorem adipisci nesciunt omnis. Exercitationem quaerat illum reiciendis ullam impedit vel.', 131, 5, 24, '2019-05-20 14:55:33', '2019-05-20 14:55:33'),
(12, 'in', 'Dignissimos nihil omnis praesentium ducimus cum rerum voluptatem. Ut debitis eligendi similique. Tempora quaerat quos eligendi qui.', 463, 2, 17, '2019-05-20 14:55:33', '2019-05-20 14:55:33'),
(13, 'aut', 'Quo laudantium repellendus sequi exercitationem aut aut rerum assumenda. Ratione qui fugiat praesentium cupiditate. Facere maxime laboriosam dolor perferendis quo. Veritatis laudantium a ut ut.', 645, 9, 2, '2019-05-20 14:55:33', '2019-05-20 14:55:33'),
(14, 'nulla', 'Dolores facilis debitis quo consequatur eos. Earum error perspiciatis est. Soluta veniam in sed.', 985, 0, 17, '2019-05-20 14:55:33', '2019-05-20 14:55:33'),
(15, 'qui', 'Quis voluptate mollitia qui sed et a. Ut rerum dignissimos dolore quia quia quis. Veritatis nihil et molestiae quidem fuga.', 828, 4, 21, '2019-05-20 14:55:33', '2019-05-20 14:55:33'),
(16, 'velit', 'Beatae voluptatibus voluptatem recusandae quia ut quasi non officiis. Possimus illo eos et quia. Vitae aut velit dolorem doloribus doloremque.', 177, 1, 27, '2019-05-20 14:55:33', '2019-05-20 14:55:33'),
(17, 'itaque', 'Sint aut ea excepturi ut sunt autem fuga. Ea ratione totam at quia deserunt nobis. Odio et amet commodi aut aut dolor. Vel error dolorem quia dignissimos voluptas est.', 767, 8, 25, '2019-05-20 14:55:33', '2019-05-20 14:55:33'),
(18, 'inventore', 'Harum facilis odit quo sit et culpa eius voluptas. Tempora iure animi cupiditate repellat esse eos omnis deleniti. Iure velit exercitationem qui esse deleniti qui est. Sunt laborum nulla vero ut nesciunt reprehenderit.', 335, 3, 15, '2019-05-20 14:55:33', '2019-05-20 14:55:33'),
(19, 'nulla', 'Id enim cupiditate in molestiae minima quasi. Ad qui nobis provident consequatur. Et ea facere nam.', 788, 0, 9, '2019-05-20 14:55:33', '2019-05-20 14:55:33'),
(20, 'recusandae', 'Nesciunt ipsum distinctio sint dicta et. Quia enim consequatur similique ad iusto dicta ab. Labore aspernatur deleniti aut quo dolores pariatur.', 874, 5, 16, '2019-05-20 14:55:33', '2019-05-20 14:55:33'),
(21, 'recusandae', 'Quisquam saepe iste asperiores maiores aut nostrum iusto. Tempora architecto alias voluptatibus sunt. Perspiciatis perferendis doloribus magni. Quo beatae expedita quia omnis vitae accusantium.', 406, 6, 26, '2019-05-20 14:55:33', '2019-05-20 14:55:33'),
(22, 'maiores', 'Dolores ab delectus qui necessitatibus expedita. Molestias non omnis ad. Sequi earum id maxime nisi a sequi labore. Quam et quisquam quasi.', 309, 3, 12, '2019-05-20 14:55:33', '2019-05-20 14:55:33'),
(23, 'adipisci', 'Blanditiis sint et quas rerum. Molestiae voluptas earum aliquid soluta id ipsum quaerat. Sed modi error qui accusantium quia aut.', 451, 7, 8, '2019-05-20 14:55:33', '2019-05-20 14:55:33'),
(24, 'qui', 'Dolores qui vero nesciunt doloremque error eaque perspiciatis. Expedita dolorem ut velit temporibus assumenda. Aut rem consequatur quae recusandae nihil. Sed doloremque iusto optio et omnis.', 737, 2, 2, '2019-05-20 14:55:33', '2019-05-20 14:55:33'),
(25, 'voluptatem', 'Non reprehenderit animi numquam placeat odio sed. Ratione ut molestiae tempore nulla distinctio iusto nesciunt aliquid. Minus quidem cupiditate eaque animi in repudiandae qui.', 691, 1, 19, '2019-05-20 14:55:33', '2019-05-20 14:55:33'),
(26, 'consequatur', 'Commodi qui recusandae voluptas dolorum. Et non fuga iure aut dolores qui. Architecto odit tenetur aliquam ut earum. Asperiores ea voluptate dolore ut.', 634, 1, 9, '2019-05-20 14:55:33', '2019-05-20 14:55:33'),
(27, 'incidunt', 'Ea perspiciatis consequatur voluptatibus officia incidunt amet. Sed sint alias dolorem quas dolor ab et.', 524, 9, 23, '2019-05-20 14:55:33', '2019-05-20 14:55:33'),
(28, 'ducimus', 'Exercitationem necessitatibus dolore porro alias blanditiis fuga. Molestias sint cumque ut soluta. Dicta quo qui veritatis voluptatem impedit porro quaerat. Impedit assumenda ab dolor deserunt inventore non quaerat.', 665, 5, 8, '2019-05-20 14:55:33', '2019-05-20 14:55:33'),
(29, 'quis', 'Eveniet et veritatis omnis consequatur voluptas voluptatem itaque aut. Omnis et sit error nihil unde cupiditate ut. Impedit adipisci nulla tenetur excepturi deserunt.', 503, 3, 16, '2019-05-20 14:55:33', '2019-05-20 14:55:33'),
(30, 'provident', 'Rerum quia et impedit aut vero. Voluptatem quaerat dolorem et fuga voluptatem enim enim. Ullam aut sit expedita quo quo fugit sint.', 381, 7, 22, '2019-05-20 14:55:33', '2019-05-20 14:55:33'),
(31, 'ut', 'Eligendi voluptate iste quaerat eum libero accusamus. Quia ut quo repellat consequatur nisi a quo. Neque accusantium sint error architecto molestias.', 609, 1, 5, '2019-05-20 14:55:33', '2019-05-20 14:55:33'),
(32, 'id', 'Atque quo maiores pariatur delectus expedita. Dolorem et odio molestias esse sed. Voluptate autem inventore earum voluptatem et fugit. Dolore ab itaque est perspiciatis omnis in sapiente aut.', 156, 4, 29, '2019-05-20 14:55:34', '2019-05-20 14:55:34'),
(33, 'nemo', 'Consequatur eos et dolores. Modi eos nihil veniam vel consequatur veritatis aut libero.', 322, 2, 4, '2019-05-20 14:55:34', '2019-05-20 14:55:34'),
(34, 'non', 'Temporibus temporibus qui sunt facere laborum ipsum sequi. Ea aliquam numquam sint ea. Et qui ipsa earum quia molestias qui.', 183, 1, 20, '2019-05-20 14:55:34', '2019-05-20 14:55:34'),
(35, 'iste', 'Voluptate cum dolorum dolore iusto. Qui ab aliquid libero repudiandae ut similique. Delectus rerum consectetur dolorem odit.', 536, 2, 13, '2019-05-20 14:55:34', '2019-05-20 14:55:34'),
(36, 'et', 'Quos suscipit ratione fugit suscipit error. Ut ratione itaque iure eos qui autem minus a. Sed nam dignissimos maxime dolore et consequuntur eius natus. Voluptate molestiae et esse ratione sit et.', 889, 5, 14, '2019-05-20 14:55:34', '2019-05-20 14:55:34'),
(37, 'rerum', 'Possimus atque quod dicta qui qui autem. Consequatur in repellendus alias eius. Neque repellat est dolore rerum debitis.', 332, 2, 5, '2019-05-20 14:55:34', '2019-05-20 14:55:34'),
(38, 'commodi', 'At sed aut voluptatem odio molestias. Dolorum numquam aut sit esse velit. Aliquam officia non quo dolores qui.', 265, 1, 23, '2019-05-20 14:55:34', '2019-05-20 14:55:34'),
(39, 'quo', 'Harum voluptatem enim sed. Laborum est sequi repellendus repellendus consectetur. Aut nulla numquam est minus iure. Error dolor harum architecto id doloremque.', 950, 3, 11, '2019-05-20 14:55:34', '2019-05-20 14:55:34'),
(40, 'nam', 'Temporibus eos vero optio eum. Enim et blanditiis impedit sunt. Necessitatibus fugit nihil ut odio et rerum eaque ipsum.', 704, 9, 22, '2019-05-20 14:55:34', '2019-05-20 14:55:34'),
(41, 'asperiores', 'Aspernatur commodi officia libero autem et. Veritatis commodi est vitae suscipit. Amet quia velit quas dolorem voluptatem. Ut nam perspiciatis sequi.', 744, 2, 26, '2019-05-20 14:55:34', '2019-05-20 14:55:34'),
(42, 'impedit', 'Quod eos delectus voluptatibus dolore porro. Totam necessitatibus et quis ut deleniti et saepe. Molestiae impedit optio id.', 583, 9, 12, '2019-05-20 14:55:34', '2019-05-20 14:55:34'),
(43, 'hic', 'Consequatur ut a voluptatem libero commodi enim. Similique dolore quae dolores nulla voluptatem aliquid alias. Fugit amet tempore ea illo et voluptate consequatur.', 632, 4, 16, '2019-05-20 14:55:34', '2019-05-20 14:55:34'),
(44, 'rerum', 'Aut ut rerum excepturi consequatur. In excepturi atque nemo sed vitae vero odio consequatur. Nam vel exercitationem vero commodi at dicta suscipit. Laboriosam rerum dolores facilis iusto dolor.', 453, 3, 26, '2019-05-20 14:55:34', '2019-05-20 14:55:34'),
(45, 'rerum', 'Culpa fugiat repudiandae nostrum unde. Quia exercitationem vero eum laudantium quia nam. Distinctio illum soluta ea veritatis.', 126, 7, 7, '2019-05-20 14:55:34', '2019-05-20 14:55:34'),
(46, 'necessitatibus', 'Et aliquid quos dolores omnis at modi. Praesentium cum quasi saepe nostrum exercitationem vel ut. Praesentium voluptatem assumenda aspernatur sapiente atque. Omnis neque delectus et sit unde et.', 810, 7, 4, '2019-05-20 14:55:34', '2019-05-20 14:55:34'),
(47, 'sequi', 'Saepe dolorum aut consectetur quia assumenda natus. Libero est corporis aliquid sed eos incidunt et.', 268, 1, 7, '2019-05-20 14:55:34', '2019-05-20 14:55:34'),
(48, 'possimus', 'Quam soluta rerum sequi ad quia reiciendis quisquam eum. Amet ratione illum voluptatibus. Nostrum ipsa et et sit excepturi nulla facere. Aut facere neque molestiae occaecati minus reiciendis eius hic.', 124, 4, 28, '2019-05-20 14:55:34', '2019-05-20 14:55:34'),
(49, 'vitae', 'Enim qui illum modi ut delectus. Commodi fuga nisi sed ullam. Numquam eos voluptatum sunt. Vel doloribus molestiae beatae.', 370, 5, 3, '2019-05-20 14:55:34', '2019-05-20 14:55:34'),
(50, 'fuga', 'Ipsam quia rem nisi suscipit. Nihil cupiditate consectetur aut quia veniam reiciendis fugit officia. Magni cumque quas sunt nihil.', 611, 8, 24, '2019-05-20 14:55:34', '2019-05-20 14:55:34');

-- --------------------------------------------------------

--
-- Table structure for table `reviews`
--

CREATE TABLE `reviews` (
  `id` int(10) UNSIGNED NOT NULL,
  `product_id` int(10) UNSIGNED NOT NULL,
  `customer` varchar(191) COLLATE utf8mb4_unicode_ci NOT NULL,
  `review` text COLLATE utf8mb4_unicode_ci NOT NULL,
  `star` int(11) NOT NULL,
  `created_at` timestamp NULL DEFAULT NULL,
  `updated_at` timestamp NULL DEFAULT NULL
) ENGINE=InnoDB DEFAULT CHARSET=utf8mb4 COLLATE=utf8mb4_unicode_ci;

--
-- Dumping data for table `reviews`
--

INSERT INTO `reviews` (`id`, `product_id`, `customer`, `review`, `star`, `created_at`, `updated_at`) VALUES
(1, 23, 'Letha Bernhard', 'Expedita veritatis voluptatem quae odio. Omnis id autem voluptate deleniti doloribus ut rerum. Ea dolor eius rem dolor dolor quasi aut sint.', 1, '2019-05-20 14:55:35', '2019-05-20 14:55:35'),
(2, 9, 'Mr. Tyrese O\'Keefe I', 'Laborum laboriosam accusantium incidunt. Et a nostrum laudantium illum inventore sapiente pariatur ea. Aperiam numquam ut eligendi laudantium iusto mollitia. Et quos qui ipsam distinctio facilis tempora.', 0, '2019-05-20 14:55:35', '2019-05-20 14:55:35'),
(3, 32, 'Lessie Bogan', 'At animi repellendus esse modi voluptas reiciendis. Ut voluptatum dolore alias cum officiis qui ipsa. Eum ipsam facilis occaecati.', 1, '2019-05-20 14:55:35', '2019-05-20 14:55:35'),
(4, 35, 'Dr. Dominique Heller', 'Ut non nostrum corporis odio sapiente. Tenetur et perferendis est quia ut ut. Ut nobis alias tenetur. Quaerat voluptatem quia cum fugit quia velit rerum.', 2, '2019-05-20 14:55:35', '2019-05-20 14:55:35'),
(5, 49, 'Bernadine Berge', 'Ea harum ipsa molestiae dolores. Ipsa ea temporibus magni ullam facere ullam ea dolorem. Vitae ipsa numquam nobis quod. Et sed error aperiam a porro.', 1, '2019-05-20 14:55:35', '2019-05-20 14:55:35'),
(6, 24, 'April Bartoletti', 'Saepe eos sunt quisquam aperiam amet. Eius qui sed qui et non.', 2, '2019-05-20 14:55:35', '2019-05-20 14:55:35'),
(7, 50, 'Mr. Tillman Boyer', 'Non ratione impedit et aspernatur velit omnis. Voluptatem eos eum iste unde dolores molestiae. Et officia nulla nobis eum sapiente sit eos.', 2, '2019-05-20 14:55:35', '2019-05-20 14:55:35'),
(8, 32, 'Amanda Fahey', 'Aliquid enim omnis voluptas et illo ex. Consectetur aut est voluptatem dolorem quo nam. Iste similique aut fuga cum modi deserunt illo voluptatum. Minus et eum unde architecto.', 1, '2019-05-20 14:55:35', '2019-05-20 14:55:35'),
(9, 33, 'River Boyle', 'Assumenda nemo fugiat repellendus blanditiis id nemo. Explicabo vel nihil repellendus dignissimos quos rerum. Sit sunt quibusdam mollitia consectetur qui. In inventore excepturi suscipit eaque veritatis eum sit.', 5, '2019-05-20 14:55:35', '2019-05-20 14:55:35'),
(10, 33, 'Domenico Considine', 'Totam eum rerum inventore cumque. Eveniet sit voluptatum omnis aut eaque laborum. Natus temporibus expedita ut qui. Temporibus officiis similique enim incidunt consequatur cumque aut odit.', 2, '2019-05-20 14:55:35', '2019-05-20 14:55:35'),
(11, 22, 'Golden Predovic Jr.', 'Quia sit ea eveniet tempora vel nostrum sint. Omnis illo rerum et dolores error tenetur officiis totam. Eum aperiam aut dolorem distinctio sed et ea.', 3, '2019-05-20 14:55:35', '2019-05-20 14:55:35'),
(12, 50, 'Dr. Ewell Mosciski', 'Architecto magnam distinctio quibusdam itaque quos beatae nihil. Qui asperiores id voluptatem consequuntur. Eum sunt et quo voluptas sit numquam. Consequatur dolor tempore suscipit eum voluptatem ullam. Nulla cum odio sint enim illum omnis.', 5, '2019-05-20 14:55:35', '2019-05-20 14:55:35'),
(13, 24, 'Prof. Pauline Hintz', 'Eum aspernatur laudantium est repellat. Aut ratione non et est non mollitia. Maiores earum cupiditate est ea non quasi quaerat. Ex inventore ut eaque voluptates.', 4, '2019-05-20 14:55:35', '2019-05-20 14:55:35'),
(14, 13, 'Luisa Medhurst', 'Quisquam rerum libero quidem nisi accusantium. Maiores enim amet quia dolore aut. Qui rem tenetur eum autem at.', 3, '2019-05-20 14:55:35', '2019-05-20 14:55:35'),
(15, 1, 'Mr. Damian Towne IV', 'Non sequi error eos nulla molestiae. Eum consequatur dolores id vel eos modi. Est autem optio sint porro animi rerum. Minima consectetur qui qui assumenda aut.', 5, '2019-05-20 14:55:35', '2019-05-20 14:55:35'),
(16, 20, 'Keyon Raynor MD', 'Blanditiis iure et ab temporibus quasi sunt. Laborum sed est nostrum in magnam adipisci deserunt. Quas sunt dolores rerum voluptate laborum ipsa qui. Accusantium nobis ut natus.', 1, '2019-05-20 14:55:35', '2019-05-20 14:55:35'),
(17, 11, 'Ms. Esperanza Gleason III', 'Autem amet error occaecati voluptatem. Similique sit modi et dolore aspernatur modi. Impedit suscipit quaerat dolorem corrupti praesentium dolor. Ut sunt deserunt ut perspiciatis tenetur.', 5, '2019-05-20 14:55:35', '2019-05-20 14:55:35'),
(18, 10, 'Mr. Lourdes Frami', 'Omnis est fuga debitis quaerat ut. Rem suscipit explicabo aliquid. Dolores reprehenderit nobis harum dolore voluptatum qui maiores.', 3, '2019-05-20 14:55:35', '2019-05-20 14:55:35'),
(19, 15, 'Polly Abbott', 'Inventore et ipsam omnis velit. Quia expedita consequuntur pariatur voluptates eligendi porro voluptatibus doloremque. Culpa officia unde nemo dolor ad.', 5, '2019-05-20 14:55:35', '2019-05-20 14:55:35'),
(20, 35, 'Horace Quitzon', 'Et minima et rerum minus veniam molestiae molestiae. Et in et aut voluptatem voluptatem iure. Maiores ab est quia voluptates est nesciunt. Natus ea optio sed mollitia.', 4, '2019-05-20 14:55:35', '2019-05-20 14:55:35'),
(21, 45, 'Kelley Rippin I', 'Asperiores aut sit sit fugiat consectetur est. Nihil est quia quibusdam itaque amet accusamus error. Corporis est porro sed earum.', 1, '2019-05-20 14:55:35', '2019-05-20 14:55:35'),
(22, 35, 'Mr. Eladio Mayer MD', 'Fugiat vel quibusdam ut et neque in id unde. Distinctio dolore quos et enim eveniet asperiores voluptas. Aperiam et quibusdam aut nam maxime ducimus sint.', 4, '2019-05-20 14:55:35', '2019-05-20 14:55:35'),
(23, 24, 'Mr. Peyton Trantow V', 'Quaerat sint reiciendis molestiae impedit labore soluta doloribus ut. Ut voluptas quia rerum.', 3, '2019-05-20 14:55:35', '2019-05-20 14:55:35'),
(24, 27, 'Vallie Waters Jr.', 'Dolore voluptatibus atque voluptatem et et. Enim consequatur itaque voluptates libero vel. Nam et ad accusantium aut ipsa explicabo.', 1, '2019-05-20 14:55:35', '2019-05-20 14:55:35'),
(25, 6, 'Dr. Kathleen Considine', 'Exercitationem nisi molestiae eveniet harum eos earum aut recusandae. Et odio necessitatibus odio eum. Necessitatibus enim voluptatem at sit ab perferendis. Voluptatem nemo sed dolor similique dolorem consequatur a.', 5, '2019-05-20 14:55:35', '2019-05-20 14:55:35'),
(26, 29, 'Favian Terry MD', 'Iure modi blanditiis vel numquam tempora temporibus. Odit culpa pariatur amet minus dolore.', 2, '2019-05-20 14:55:35', '2019-05-20 14:55:35'),
(27, 24, 'Miss Else Murray IV', 'Aut porro aut ab quod reprehenderit cumque. Dicta officia et blanditiis soluta molestiae. Id dolore nam aut id fuga quia. Dolor accusamus rerum et. Velit consectetur blanditiis quia quia.', 3, '2019-05-20 14:55:35', '2019-05-20 14:55:35'),
(28, 24, 'Joany Becker', 'Voluptatem officia et et dolores harum et architecto. Blanditiis et reprehenderit eos enim ipsa. Voluptatem corrupti cupiditate fugiat est odit et iusto. Quasi fugit consequatur numquam quia nemo saepe excepturi.', 4, '2019-05-20 14:55:36', '2019-05-20 14:55:36'),
(29, 4, 'Dr. Alexandra Schmeler Sr.', 'Nihil et est expedita ut voluptatibus vitae. Illum ut recusandae culpa voluptatem quis quia. Ducimus fugiat aut ut perferendis. Doloremque ut corporis vero voluptas qui.', 1, '2019-05-20 14:55:36', '2019-05-20 14:55:36'),
(30, 2, 'Twila Dietrich', 'Quasi aperiam recusandae quis fugit quidem expedita. Recusandae quia corrupti repudiandae quidem aut. Commodi tempora omnis sapiente officiis aspernatur libero voluptatem.', 4, '2019-05-20 14:55:36', '2019-05-20 14:55:36'),
(31, 18, 'Rylan Bednar', 'Libero quod quia cumque iure illum ipsam earum. Eos voluptatem odio expedita aut inventore totam. Rerum qui odit error cumque alias omnis minus optio. Officiis perspiciatis omnis ipsam officia.', 0, '2019-05-20 14:55:36', '2019-05-20 14:55:36'),
(32, 42, 'Marco Morar', 'Porro et est repellendus autem. Voluptatem voluptatem quos autem. Ut error cumque sint illum.', 5, '2019-05-20 14:55:36', '2019-05-20 14:55:36'),
(33, 46, 'Clarissa Nitzsche', 'Aut odio et ut praesentium aut ut voluptate. Ipsum exercitationem voluptatem sequi doloribus iste nam.', 2, '2019-05-20 14:55:36', '2019-05-20 14:55:36'),
(34, 7, 'Judge Rodriguez', 'Et ipsam et ipsa sint aut saepe laboriosam. Blanditiis vel est perferendis quibusdam dolores sapiente voluptatem.', 4, '2019-05-20 14:55:36', '2019-05-20 14:55:36'),
(35, 24, 'Ursula Balistreri', 'Rerum cupiditate beatae veniam dolor quia et voluptatem labore. Quisquam et et pariatur laborum et recusandae. Facilis minus quas labore aut ex repellat. Ut eum porro dolor velit.', 4, '2019-05-20 14:55:36', '2019-05-20 14:55:36'),
(36, 48, 'Maegan Nader', 'Sint non dicta nemo tenetur accusamus quis est. Et ad ullam sint odio perspiciatis magnam. Expedita quod necessitatibus officia rerum quo saepe itaque incidunt.', 1, '2019-05-20 14:55:36', '2019-05-20 14:55:36'),
(37, 11, 'Dr. Magali Weissnat MD', 'Laboriosam et quia recusandae quis ea provident atque. Aperiam voluptas nulla aut corporis quae amet. Quaerat quam autem sunt veniam ut sed qui.', 4, '2019-05-20 14:55:36', '2019-05-20 14:55:36'),
(38, 31, 'Alexane Lesch', 'Et rem voluptas nobis aut. Nihil quia deleniti occaecati dignissimos maxime. Corrupti harum reprehenderit recusandae et at qui. Ab voluptatem ut reiciendis corporis consequatur saepe enim rerum.', 2, '2019-05-20 14:55:36', '2019-05-20 14:55:36'),
(39, 36, 'Jeramy O\'Conner', 'Ullam dolore suscipit rerum non. Aut dolorum dolor cum eum. Voluptatibus praesentium voluptas culpa qui dolores illum sit. Dolorem enim sit repellendus voluptates odio quo aut maxime. Sed nam alias et quae officiis sunt aperiam.', 1, '2019-05-20 14:55:36', '2019-05-20 14:55:36'),
(40, 21, 'Kennedi Yost', 'Ut dolorem saepe dicta ut. Rerum quam soluta commodi natus quia consequatur. Sapiente dolores suscipit aliquam quia ipsum natus aut.', 3, '2019-05-20 14:55:36', '2019-05-20 14:55:36'),
(41, 43, 'Miss Arlene Borer', 'Est ut beatae ex mollitia eos. Ducimus incidunt ut placeat eum. Aspernatur enim temporibus deserunt placeat maxime incidunt voluptatum.', 5, '2019-05-20 14:55:36', '2019-05-20 14:55:36'),
(42, 24, 'Percy Kohler', 'Rerum libero earum enim aliquam ut veniam earum. Id ipsa delectus sunt et ut odit ut. Inventore autem aut praesentium quo voluptatem dolore at. Eveniet cupiditate alias praesentium accusamus fugiat et.', 2, '2019-05-20 14:55:36', '2019-05-20 14:55:36'),
(43, 34, 'Foster Willms', 'Nihil velit cupiditate sunt sed magni. Et voluptatibus qui ipsum laboriosam et natus nisi. Sequi provident quod dolores occaecati. Assumenda earum aut illum et perferendis.', 0, '2019-05-20 14:55:36', '2019-05-20 14:55:36'),
(44, 38, 'Dr. Kathryne Kub II', 'Odit sapiente nihil natus nisi non et hic. Nostrum illum nemo nemo sit ratione hic voluptatum consequatur. Sunt aut perspiciatis sequi officia. Dolorem culpa iste et nihil quaerat amet.', 0, '2019-05-20 14:55:36', '2019-05-20 14:55:36'),
(45, 17, 'Issac Bruen', 'Excepturi vel quia a sed quis magni placeat. Ut non impedit qui expedita enim amet magnam. Nostrum sint et sint nihil quo et velit nostrum.', 4, '2019-05-20 14:55:36', '2019-05-20 14:55:36'),
(46, 10, 'Shemar White', 'Suscipit quia eveniet quo sed qui tempore quaerat. Vero et qui tenetur earum dolorem. Iure consequatur doloremque consequuntur.', 2, '2019-05-20 14:55:36', '2019-05-20 14:55:36'),
(47, 42, 'Davion Nikolaus', 'Doloremque expedita id laudantium minima eos error. Occaecati et laudantium voluptatem quisquam atque quibusdam. Inventore itaque ratione est sit iusto ullam quidem.', 1, '2019-05-20 14:55:36', '2019-05-20 14:55:36'),
(48, 12, 'Miss Katherine Connelly III', 'Et quo consequatur id repellendus. Eveniet ea dolor rerum dignissimos. Eaque et iste voluptatum pariatur dolore tenetur libero.', 1, '2019-05-20 14:55:36', '2019-05-20 14:55:36'),
(49, 12, 'Mr. Davin Wilkinson', 'Aut alias ab non qui placeat ad incidunt consequatur. Aut in porro et sed et est esse. Voluptas distinctio porro soluta non ut eos. Veritatis voluptas in dolorum quo esse.', 2, '2019-05-20 14:55:36', '2019-05-20 14:55:36'),
(50, 24, 'Tom Zemlak', 'Ipsa vitae voluptatem doloremque adipisci pariatur consequatur veritatis. Illo ad maxime earum et autem. Voluptas placeat eum nihil eum voluptates et repellat. Voluptas veniam mollitia consectetur tempora ea placeat aut.', 3, '2019-05-20 14:55:36', '2019-05-20 14:55:36'),
(51, 8, 'Madalyn Prohaska DVM', 'Culpa quaerat adipisci veniam rerum sint qui. Laudantium incidunt corrupti laudantium quas id. Non nisi aut sequi veniam unde. Voluptatem explicabo dicta reprehenderit corrupti dolore et magni.', 3, '2019-05-20 14:55:36', '2019-05-20 14:55:36'),
(52, 4, 'Erna Schmeler', 'Enim inventore error illo. Ullam harum aliquid sit voluptas reiciendis cumque. Aliquam quia quia commodi ipsa deleniti est iusto. Magni voluptatem aliquid non quia deserunt atque laudantium.', 0, '2019-05-20 14:55:36', '2019-05-20 14:55:36'),
(53, 14, 'Arch Stroman', 'Nesciunt illo eum velit deleniti asperiores dicta perferendis. Ut molestiae fugiat optio. Iure est occaecati nemo aut aliquam sequi ratione.', 3, '2019-05-20 14:55:36', '2019-05-20 14:55:36'),
(54, 37, 'Elinore Reinger', 'Placeat ducimus cumque dignissimos occaecati officiis id. Unde sunt ut ut officia laboriosam. Error voluptate dolor est omnis quis. Similique praesentium ipsum debitis rerum est ipsa dolorum.', 3, '2019-05-20 14:55:36', '2019-05-20 14:55:36'),
(55, 32, 'Una Christiansen', 'Voluptate cum minus accusamus nobis. Assumenda reprehenderit corrupti omnis voluptatem voluptatem et rem. Quis illum rem impedit mollitia.', 3, '2019-05-20 14:55:36', '2019-05-20 14:55:36'),
(56, 7, 'Hildegard Heaney', 'Sint est facilis voluptatibus nihil delectus et soluta animi. Tempora sed vitae a velit magnam itaque aut cumque. Repellat eveniet nobis necessitatibus adipisci.', 3, '2019-05-20 14:55:36', '2019-05-20 14:55:36'),
(57, 7, 'Christine Jast Jr.', 'Et nisi sit repudiandae deleniti aperiam. Deleniti excepturi quisquam occaecati minima. Suscipit magni tempora tempora possimus. Ea odio quia aliquid beatae. Similique esse et maxime neque ipsam molestias.', 2, '2019-05-20 14:55:36', '2019-05-20 14:55:36'),
(58, 7, 'Mr. Jamil Maggio I', 'Nihil earum quasi sapiente voluptatem et. Nobis laudantium sunt iure laudantium. Id aut eos debitis qui quo nihil aliquam quae.', 3, '2019-05-20 14:55:37', '2019-05-20 14:55:37'),
(59, 20, 'Max Mills', 'Pariatur et impedit omnis velit qui. Aspernatur numquam unde alias est repellendus. Quos cumque voluptatem quam nisi.', 4, '2019-05-20 14:55:37', '2019-05-20 14:55:37'),
(60, 7, 'Dr. Tyrese Wolff Jr.', 'Quis eum eligendi optio officia sit voluptas tempore. Velit sint optio cupiditate id et exercitationem alias. Eos nesciunt consequuntur debitis et itaque est quibusdam est. Animi aut unde recusandae sunt.', 4, '2019-05-20 14:55:37', '2019-05-20 14:55:37'),
(61, 43, 'Demetrius Adams Jr.', 'Reiciendis corrupti nulla qui vitae. In debitis maiores illum rem. Animi occaecati aut reprehenderit corrupti iusto ut.', 3, '2019-05-20 14:55:37', '2019-05-20 14:55:37'),
(62, 7, 'Dr. Herminio Ruecker Sr.', 'Qui dolore est qui. Qui ut rerum minus amet non magnam. Debitis ex quam nostrum sint qui hic voluptas.', 2, '2019-05-20 14:55:37', '2019-05-20 14:55:37'),
(63, 6, 'Dr. Wyman Keebler', 'Quam nesciunt minus doloremque et in sed rem ratione. Repudiandae cum dolorem consequatur deserunt. Consequatur tempore voluptatem labore iste.', 1, '2019-05-20 14:55:37', '2019-05-20 14:55:37'),
(64, 4, 'Vladimir Kunde', 'Exercitationem fuga veritatis at dolores consequuntur. Culpa ut officia quia molestiae pariatur. Possimus soluta veritatis neque maxime hic reiciendis soluta et.', 5, '2019-05-20 14:55:37', '2019-05-20 14:55:37'),
(65, 2, 'Arturo Schmidt', 'Dignissimos voluptatem aut omnis nostrum quis nam rerum veniam. Deserunt placeat architecto tempore eos labore aliquam velit a. Omnis eos earum dolores quia. Quasi et sint suscipit voluptate officiis officiis sed. Repellat enim ea aut tenetur facere.', 3, '2019-05-20 14:55:37', '2019-05-20 14:55:37'),
(66, 21, 'Gia Pfeffer', 'Dignissimos non aut commodi in sed. Vel quis molestias atque est. Ducimus consequatur consectetur sed.', 2, '2019-05-20 14:55:37', '2019-05-20 14:55:37'),
(67, 7, 'Waino Kreiger', 'Possimus molestiae hic qui quas sint enim. Quibusdam quaerat architecto aut reprehenderit eius. Iste aspernatur debitis pariatur non blanditiis odio modi. Aliquam libero totam quia qui.', 4, '2019-05-20 14:55:37', '2019-05-20 14:55:37'),
(68, 42, 'Lauren Lubowitz', 'Nobis odit non enim temporibus esse. Neque voluptas laborum quo quos temporibus ea quisquam. Earum accusantium sed dignissimos libero sed.', 2, '2019-05-20 14:55:37', '2019-05-20 14:55:37'),
(69, 17, 'Orrin Wisoky Jr.', 'Dicta dolorem consequatur qui cupiditate sunt est occaecati. Eligendi quae delectus explicabo velit facere sunt corrupti.', 2, '2019-05-20 14:55:37', '2019-05-20 14:55:37'),
(70, 21, 'Miss Sandy McDermott', 'Voluptatibus et maxime eos corporis sapiente est. Odio rerum ut temporibus ea. Accusamus dolorem laboriosam dolorum ipsam quis.', 3, '2019-05-20 14:55:37', '2019-05-20 14:55:37'),
(71, 34, 'Dr. Sadie Ruecker', 'Sunt autem dolorem similique eius reiciendis. Aliquam rerum exercitationem omnis voluptas nemo itaque voluptas. Ducimus ducimus qui ipsum aut nisi molestiae quam. Qui id eligendi quis excepturi.', 2, '2019-05-20 14:55:37', '2019-05-20 14:55:37'),
(72, 1, 'Yesenia Luettgen', 'Voluptatum adipisci laudantium dolorem consequuntur voluptas. Quos qui quod quia sit porro modi laboriosam. Nisi reiciendis qui recusandae corrupti.', 5, '2019-05-20 14:55:37', '2019-05-20 14:55:37'),
(73, 7, 'Dashawn Wilkinson', 'Explicabo aut provident voluptatem dolor qui dignissimos aliquid. Aspernatur fuga laudantium ducimus eaque. Qui tenetur voluptatem et recusandae. Nostrum doloribus eum ut et. Voluptatem corrupti velit officia molestiae autem vero sed.', 5, '2019-05-20 14:55:37', '2019-05-20 14:55:37'),
(74, 5, 'Carissa Yost', 'Nihil rerum recusandae ut sunt. Et libero non quam labore ut. Maiores ex enim cupiditate quo quam. Sit vel officiis voluptatibus delectus.', 5, '2019-05-20 14:55:37', '2019-05-20 14:55:37'),
(75, 10, 'Theron Hills', 'Accusamus magnam officia magni sapiente rerum mollitia. Autem totam vitae omnis dolores. Iste ullam ad facere est error earum. Sed at provident harum minima maiores sed impedit. Hic voluptas et ab temporibus sed ad aut.', 5, '2019-05-20 14:55:37', '2019-05-20 14:55:37'),
(76, 25, 'Kacie Fadel', 'Hic sint eligendi nulla et nisi adipisci quibusdam voluptatem. Deserunt optio delectus autem maiores. Aliquam odit nam qui ea.', 2, '2019-05-20 14:55:37', '2019-05-20 14:55:37'),
(77, 42, 'Una Strosin', 'Minima necessitatibus aut et voluptas voluptas aut. Ad tempora nulla doloremque qui fugit. Quaerat aut molestiae modi. Doloremque quis harum non temporibus et est molestiae illum.', 2, '2019-05-20 14:55:37', '2019-05-20 14:55:37'),
(78, 4, 'Prof. Jordane Osinski', 'Minus in animi reiciendis. Possimus nihil pariatur nesciunt aliquid est velit. Non suscipit alias molestias excepturi neque molestiae.', 0, '2019-05-20 14:55:37', '2019-05-20 14:55:37'),
(79, 13, 'Mr. Raheem Considine PhD', 'Similique atque distinctio autem officia perferendis et. Dicta sit ipsam vel et. Dolore aut quisquam deleniti voluptatum aspernatur eum beatae. Quae magnam architecto delectus qui nisi non dolorum.', 1, '2019-05-20 14:55:37', '2019-05-20 14:55:37'),
(80, 15, 'Madalyn Littel', 'Ex aut tempore facilis dolor quod vitae ut. Soluta qui fugiat qui et ut veniam. Porro eum aut odit est sed autem.', 3, '2019-05-20 14:55:37', '2019-05-20 14:55:37'),
(81, 13, 'Prof. Nicola Murray', 'Illo sed fuga itaque cumque. Atque rerum id id dolores. Illo et eaque dolor voluptate earum voluptas eum.', 5, '2019-05-20 14:55:37', '2019-05-20 14:55:37'),
(82, 10, 'Prof. Damien Graham', 'Ratione omnis atque unde est quis accusantium animi provident. Quam sapiente consequatur voluptatum sed esse vitae laboriosam. Omnis qui eos suscipit tempora voluptatem voluptatibus. Ut exercitationem odit quasi doloremque et magnam delectus natus.', 4, '2019-05-20 14:55:37', '2019-05-20 14:55:37'),
(83, 48, 'Georgianna Nicolas', 'Molestiae repellat in nemo omnis quae sit consequatur. Numquam cum quibusdam eaque consequatur.', 1, '2019-05-20 14:55:37', '2019-05-20 14:55:37'),
(84, 50, 'Stephany Murphy', 'Quisquam delectus impedit quam quod nihil aut. Nesciunt cupiditate expedita totam non illum doloremque deleniti. Optio iure velit dolor non voluptatem temporibus. Provident nulla error iste.', 4, '2019-05-20 14:55:37', '2019-05-20 14:55:37'),
(85, 2, 'Maymie Terry DVM', 'Quo est quidem eaque dolor adipisci omnis ex. Et harum ut est architecto error doloremque ipsa. Quos ea deserunt iure omnis aliquam ea.', 5, '2019-05-20 14:55:37', '2019-05-20 14:55:37'),
(86, 4, 'Cornelius Little', 'Molestias esse sit in deserunt itaque quibusdam rerum. Unde earum mollitia maxime temporibus quod aut. Tempore omnis et repellat sapiente aut error quisquam. Qui voluptatem enim ex et.', 4, '2019-05-20 14:55:37', '2019-05-20 14:55:37'),
(87, 17, 'Prof. Deven Emmerich III', 'Veritatis eum sed enim et ut reprehenderit. Ut dolor officia nisi harum. Similique est sed eligendi et vitae.', 5, '2019-05-20 14:55:37', '2019-05-20 14:55:37'),
(88, 29, 'Domenic Skiles DDS', 'Maxime quos est et ipsam officiis. Et ipsam tempora molestiae quas fugit. Expedita et voluptatibus tenetur atque placeat dolore ipsum. Ratione mollitia reiciendis unde qui alias consequatur quo labore.', 4, '2019-05-20 14:55:38', '2019-05-20 14:55:38'),
(89, 23, 'Dr. Kaylie Mayer II', 'Consequuntur excepturi amet sit quis error nesciunt. Laboriosam possimus possimus ipsam delectus nemo ipsum quis. Quaerat et ut qui est quidem asperiores. Neque omnis qui ipsa alias.', 0, '2019-05-20 14:55:38', '2019-05-20 14:55:38'),
(90, 16, 'Nathaniel Reinger', 'Nisi laudantium et at voluptatem excepturi eos repellat. Non nostrum saepe ea aut animi nemo. Quia officiis nihil ut quisquam. Occaecati esse reiciendis qui voluptatum est qui harum.', 5, '2019-05-20 14:55:38', '2019-05-20 14:55:38'),
(91, 24, 'Janis Koss', 'Totam debitis ullam ut et voluptatem non illum. Ea rem quis veniam est pariatur.', 3, '2019-05-20 14:55:38', '2019-05-20 14:55:38'),
(92, 16, 'Miss Gudrun Reilly', 'Odit nulla minima occaecati. Sunt tempora inventore itaque perspiciatis. Quo aliquam possimus nulla consequuntur exercitationem nihil.', 5, '2019-05-20 14:55:38', '2019-05-20 14:55:38'),
(93, 16, 'Ms. Herminia Gerlach Jr.', 'Sit officiis eius temporibus. Dolor voluptatem nemo in voluptates et voluptatem dignissimos. Incidunt eum dolores fugit nobis.', 0, '2019-05-20 14:55:38', '2019-05-20 14:55:38'),
(94, 30, 'Ms. Reanna Bednar', 'Iure eos aliquam maiores quo ratione et. Natus tenetur porro aspernatur unde. Quasi occaecati sit sunt et ut qui consequatur.', 3, '2019-05-20 14:55:38', '2019-05-20 14:55:38'),
(95, 50, 'Prof. Jaylin Kirlin', 'Facilis at quis voluptatibus molestiae. Optio eligendi aperiam dolor ut quia ut. Quia quia omnis quas voluptatem ad. Omnis eos sint velit et adipisci nesciunt quia.', 1, '2019-05-20 14:55:38', '2019-05-20 14:55:38'),
(96, 21, 'Freda Rempel', 'Delectus tempore placeat sed fuga natus nobis vitae. Et dolor optio est nemo. Sed ut mollitia ipsum reprehenderit voluptas magni ut.', 2, '2019-05-20 14:55:38', '2019-05-20 14:55:38'),
(97, 13, 'Immanuel Romaguera', 'Numquam nam blanditiis totam. Voluptate a natus ab perspiciatis explicabo. Voluptates odit est nisi tenetur velit.', 3, '2019-05-20 14:55:38', '2019-05-20 14:55:38'),
(98, 19, 'Lyla Murazik', 'Dolor a maxime voluptates vero sunt mollitia quod. Dignissimos consequatur sunt consectetur cupiditate placeat. Inventore sunt necessitatibus sunt dolorem quidem quod suscipit.', 2, '2019-05-20 14:55:38', '2019-05-20 14:55:38'),
(99, 35, 'Nikki Hamill MD', 'Dignissimos aut cum molestiae illum. Nobis quia magnam repellat ipsam non et. Nihil et reprehenderit porro.', 3, '2019-05-20 14:55:38', '2019-05-20 14:55:38'),
(100, 44, 'Westley Bosco', 'Quaerat voluptas deleniti reiciendis dolor reprehenderit ipsum iure. Quas accusamus assumenda ut rerum. Est amet quidem aliquam dolorem sunt fugit. Ut ullam et excepturi aut esse quo. Eum quidem voluptatem reprehenderit similique odio est itaque.', 4, '2019-05-20 14:55:38', '2019-05-20 14:55:38'),
(101, 45, 'Catharine Zemlak', 'Vero numquam dignissimos illum quia ex quisquam. Aspernatur maiores aliquid qui. Odio nostrum illum voluptas id alias minima enim. Velit dolorem numquam quos error ipsum dolorem.', 0, '2019-05-20 14:55:38', '2019-05-20 14:55:38'),
(102, 13, 'Herminio Veum', 'Dolorum quia sit qui ipsa ad molestias ab reiciendis. Cum quis tempore excepturi ea officiis assumenda. Sint vero rerum rem reprehenderit cum vero nemo.', 0, '2019-05-20 14:55:38', '2019-05-20 14:55:38'),
(103, 48, 'Marlee Mohr', 'Qui rerum quia cum quo impedit est. Sint eveniet quas error veniam aliquam quibusdam accusamus. Sunt quidem facere ea error doloribus. Debitis odit ad fugiat omnis rerum nostrum.', 2, '2019-05-20 14:55:38', '2019-05-20 14:55:38'),
(104, 24, 'Maximillia Runolfsson Sr.', 'Necessitatibus atque animi omnis ut eaque earum qui. Autem dicta voluptatibus et nihil. Occaecati molestias nam pariatur harum tempora est. Quo recusandae deserunt facilis magni sapiente est.', 3, '2019-05-20 14:55:38', '2019-05-20 14:55:38'),
(105, 13, 'Morris Kihn II', 'Similique sit est magnam consectetur corporis sed quae. Voluptas illo ab sit illo rerum qui. Iure eveniet tempora similique autem tempore rerum tempore esse.', 1, '2019-05-20 14:55:38', '2019-05-20 14:55:38'),
(106, 18, 'Kelvin Dooley', 'Quisquam distinctio exercitationem illo dolor corporis non non. Quasi vel libero assumenda magni et magni. Excepturi optio repellat optio sint eligendi illum.', 4, '2019-05-20 14:55:38', '2019-05-20 14:55:38'),
(107, 48, 'Jadon Langworth', 'Provident unde a ut sint. Unde et earum natus nobis iure hic. Qui harum minus vero sit inventore ullam. Aspernatur est quia aspernatur nihil ab.', 0, '2019-05-20 14:55:38', '2019-05-20 14:55:38'),
(108, 26, 'Berneice Bashirian DDS', 'Et et eaque et veniam distinctio sint. Ducimus eos vero ipsam molestias. Velit qui est commodi et. Nemo ut quaerat laborum. Perferendis adipisci sapiente sunt consequuntur est.', 4, '2019-05-20 14:55:38', '2019-05-20 14:55:38'),
(109, 42, 'Ms. Ora Wiegand IV', 'Quo ea quos voluptatem ab saepe ad. Sunt et ut odio quaerat. Tempore sint omnis non eius. Quos omnis quae voluptatibus rerum molestiae. Numquam doloremque quia sunt culpa.', 1, '2019-05-20 14:55:38', '2019-05-20 14:55:38'),
(110, 2, 'Mr. Sigrid Lehner II', 'Blanditiis animi magni at qui rerum ducimus in. Eum voluptates maiores et repellat excepturi corporis.', 4, '2019-05-20 14:55:38', '2019-05-20 14:55:38'),
(111, 19, 'Mrs. Clarissa Bayer', 'Voluptas repellat dolorum ut non suscipit dolor. Odit quisquam dolorem autem porro qui. Repellendus quisquam optio possimus sit maiores eligendi. Autem nihil dolores a tempore voluptatem illo sit.', 1, '2019-05-20 14:55:38', '2019-05-20 14:55:38'),
(112, 14, 'Mrs. Michelle Ward', 'Consectetur autem harum corrupti dolorem fugiat officia autem aperiam. Aut reprehenderit velit animi voluptas est exercitationem possimus. Ex natus et rerum fugiat quam. Dignissimos facere totam earum et itaque. Consequatur quam qui tenetur minima aliquam harum.', 2, '2019-05-20 14:55:38', '2019-05-20 14:55:38'),
(113, 26, 'Chanel Sanford', 'Et ipsa veritatis aliquam iste. Quia ratione quisquam aut ipsam alias qui. Assumenda aspernatur suscipit aliquid et omnis iusto velit. Rerum consequuntur omnis non cum dignissimos debitis non.', 3, '2019-05-20 14:55:38', '2019-05-20 14:55:38'),
(114, 46, 'Horacio Little', 'Asperiores quam autem voluptatum sint id eveniet et. Facilis ratione et delectus sapiente pariatur neque qui expedita. Enim earum rerum repellendus pariatur quaerat necessitatibus.', 2, '2019-05-20 14:55:39', '2019-05-20 14:55:39'),
(115, 18, 'Amya Toy', 'Eius saepe architecto expedita recusandae dolores. Dolorem ut aliquid omnis delectus alias. Et ut odio molestiae.', 4, '2019-05-20 14:55:39', '2019-05-20 14:55:39'),
(116, 50, 'Miss Hilma Keebler', 'Voluptates non harum fugiat asperiores sit aliquam. Dolores adipisci debitis quisquam dolorem dignissimos officiis voluptatem. Laudantium accusamus dolore aliquam qui excepturi debitis quis.', 0, '2019-05-20 14:55:39', '2019-05-20 14:55:39'),
(117, 45, 'Linnie Adams', 'Unde nobis dolores qui incidunt. Ut atque rerum sint aliquid. Harum et sint iusto enim. Aperiam beatae est maiores quia fugiat optio.', 5, '2019-05-20 14:55:39', '2019-05-20 14:55:39'),
(118, 7, 'Lourdes Streich', 'Saepe id et sed. Iusto quis voluptas consequatur earum necessitatibus porro. Reiciendis numquam iusto consequatur sed quidem. In deserunt est sed est.', 2, '2019-05-20 14:55:39', '2019-05-20 14:55:39'),
(119, 16, 'Ezra VonRueden', 'Distinctio consequatur cupiditate tenetur saepe ratione sit consectetur. Ab deserunt ex doloremque ipsam sequi reiciendis quisquam aperiam.', 3, '2019-05-20 14:55:39', '2019-05-20 14:55:39'),
(120, 7, 'Caroline Carroll', 'Qui in cumque laborum quo consequatur facere. Unde soluta praesentium vero minus omnis non. Deleniti soluta pariatur harum modi quisquam. Ea corrupti et et architecto tempora rerum quia non.', 2, '2019-05-20 14:55:39', '2019-05-20 14:55:39'),
(121, 31, 'Prof. Litzy Mosciski MD', 'Ipsam numquam possimus beatae possimus sint. Soluta quia sed inventore vero. Dolor rerum a voluptas natus sunt quisquam.', 4, '2019-05-20 14:55:39', '2019-05-20 14:55:39'),
(122, 40, 'Janick Ebert', 'Ipsa odio numquam animi voluptas placeat. Placeat dolores aspernatur repudiandae illo sed velit impedit. Dicta dolorem nemo quia qui voluptatum commodi et. Et vel temporibus dolor itaque.', 0, '2019-05-20 14:55:39', '2019-05-20 14:55:39'),
(123, 33, 'Garrison Wilderman', 'Consequuntur autem et molestias eos. Dolores dolore sed consequatur. Impedit nostrum voluptas magni. Architecto eos maiores non ut magnam velit alias.', 1, '2019-05-20 14:55:39', '2019-05-20 14:55:39'),
(124, 29, 'Prof. Delta Gerhold DDS', 'Aut nemo et consequatur nisi fuga blanditiis. Ut sint ex harum error dolorem velit.', 5, '2019-05-20 14:55:39', '2019-05-20 14:55:39'),
(125, 15, 'Ms. Hilda Brown', 'Consequatur nam nobis laudantium possimus rerum. Nemo cum quis ipsum soluta. Quo delectus distinctio deleniti placeat et iste. Sed eveniet aut nihil rerum vitae non. Sapiente excepturi reiciendis libero.', 2, '2019-05-20 14:55:39', '2019-05-20 14:55:39'),
(126, 25, 'Kennedy Hauck DVM', 'Autem vero ex perferendis ad corporis. Non eum voluptatem placeat omnis blanditiis rerum dolor consequuntur. Iure explicabo maxime enim sint consectetur reprehenderit velit aperiam. Iure necessitatibus iure enim autem voluptas.', 4, '2019-05-20 14:55:39', '2019-05-20 14:55:39'),
(127, 44, 'Olaf Anderson', 'Impedit rerum deleniti maiores nostrum reiciendis quaerat ut. Eos eos necessitatibus cupiditate. Iure molestiae autem dolorem illum libero commodi quidem.', 2, '2019-05-20 14:55:39', '2019-05-20 14:55:39'),
(128, 38, 'Prof. Chelsea Cummings MD', 'Mollitia unde sunt eveniet commodi excepturi voluptatem. Enim voluptas rerum facilis a temporibus et. Mollitia at a non minima et cum.', 3, '2019-05-20 14:55:39', '2019-05-20 14:55:39'),
(129, 44, 'Maude Huel', 'Mollitia dolorum suscipit in amet quia eaque. Eos sed deserunt ut. Quis quidem suscipit magni voluptas perspiciatis eveniet. Quae tempore ea consequatur quia dolorum.', 2, '2019-05-20 14:55:39', '2019-05-20 14:55:39'),
(130, 25, 'Prof. Keshawn Carter Jr.', 'Culpa at animi sunt molestias in. Dolor perferendis quia nam ea. Vel quaerat totam rem explicabo.', 1, '2019-05-20 14:55:39', '2019-05-20 14:55:39'),
(131, 2, 'Casimer Quigley', 'Quo voluptatem ea provident omnis sed aut. Odit optio a nihil delectus et. Asperiores sed et ut perferendis temporibus.', 2, '2019-05-20 14:55:39', '2019-05-20 14:55:39'),
(132, 47, 'Marisa Glover PhD', 'Animi maiores omnis pariatur blanditiis. Et ea omnis pariatur ratione vel dolor libero. Et quo et sunt. Consequatur vitae est aut quisquam qui. Adipisci facere recusandae ipsum ipsum est ut.', 0, '2019-05-20 14:55:39', '2019-05-20 14:55:39'),
(133, 32, 'Clovis Runolfsson PhD', 'Omnis est ipsam nam. Est commodi exercitationem facilis ut et quaerat provident quia. Animi est ut nam et voluptatibus dolore.', 3, '2019-05-20 14:55:39', '2019-05-20 14:55:39'),
(134, 43, 'Tyler Jerde', 'Ex consequatur et eum porro voluptas ratione et. Facere quis id fuga. Est necessitatibus distinctio aut dolores. Est nihil neque et quia consequatur.', 1, '2019-05-20 14:55:39', '2019-05-20 14:55:39'),
(135, 29, 'Rey Predovic', 'Voluptas veniam at qui quam ullam. Qui pariatur accusantium corrupti est minima reprehenderit. Cumque ratione esse occaecati officiis et esse vitae dolore.', 3, '2019-05-20 14:55:39', '2019-05-20 14:55:39'),
(136, 2, 'Miss Dayna Klein', 'Qui sunt voluptatem nobis. Voluptatem quod hic saepe nulla. Voluptate perferendis molestiae iste eius aut.', 4, '2019-05-20 14:55:39', '2019-05-20 14:55:39'),
(137, 35, 'Connie Yost', 'Rerum nesciunt cupiditate consequatur voluptatem perspiciatis laborum autem aspernatur. Blanditiis molestias in voluptatibus non enim dicta ratione quia. Est quas sit dolores eaque sit.', 5, '2019-05-20 14:55:39', '2019-05-20 14:55:39'),
(138, 38, 'Tressa Bartoletti', 'Cupiditate iste a qui reprehenderit. Dolor autem assumenda quam non sit. Odio et voluptatibus voluptatum aut dolore et. Similique in sed quia sed non. Aut voluptates pariatur reiciendis maiores consequatur.', 5, '2019-05-20 14:55:39', '2019-05-20 14:55:39'),
(139, 17, 'Nick Murray', 'Dignissimos excepturi repellendus ab. Eum itaque quis maxime et aut soluta aut. Cumque itaque eum dolore dolorem dolorem ut.', 4, '2019-05-20 14:55:39', '2019-05-20 14:55:39'),
(140, 2, 'Mrs. Graciela Heidenreich', 'Aperiam officia nobis ut voluptatibus perspiciatis. Facilis earum veritatis reprehenderit excepturi ut numquam. Modi et aspernatur officia velit facilis at ut. Nihil eum et eum fugiat aut. Et delectus in blanditiis quasi sed ut.', 1, '2019-05-20 14:55:39', '2019-05-20 14:55:39'),
(141, 37, 'Citlalli Franecki', 'Ut et iure ratione perferendis velit. Molestias praesentium molestiae minima aliquam sint. Vitae sit ratione inventore facere architecto praesentium eligendi.', 2, '2019-05-20 14:55:39', '2019-05-20 14:55:39'),
(142, 23, 'Phyllis Jacobi', 'At magni fugit fuga quis quia. Harum illum nam magni sed. Numquam amet unde itaque alias est.', 5, '2019-05-20 14:55:39', '2019-05-20 14:55:39'),
(143, 3, 'Adeline Pagac', 'Vero fugit eius non quia aut. Sapiente ipsum quia culpa. Quis quisquam laborum dolore voluptas debitis. Laborum ab sed aspernatur quia.', 3, '2019-05-20 14:55:40', '2019-05-20 14:55:40'),
(144, 5, 'Marshall Gleason', 'Voluptas facere illum tenetur et nobis provident illo. Et sapiente soluta eius eos totam velit eos. Aut officiis optio qui molestiae similique maiores quos.', 0, '2019-05-20 14:55:40', '2019-05-20 14:55:40'),
(145, 40, 'Callie Larkin', 'Et eligendi dignissimos qui omnis eaque et quidem. Quo voluptatum error pariatur neque.', 2, '2019-05-20 14:55:40', '2019-05-20 14:55:40'),
(146, 48, 'Zachariah Walker', 'Ipsam non consequatur quia dignissimos occaecati libero. Atque cumque itaque illo officia omnis. Facere perspiciatis aliquid quo est.', 0, '2019-05-20 14:55:40', '2019-05-20 14:55:40'),
(147, 1, 'Prof. Ruben Wilkinson II', 'Sed dignissimos similique cumque accusamus aut est ab. Cum accusantium aut tenetur magnam totam et. Unde adipisci enim modi asperiores.', 4, '2019-05-20 14:55:40', '2019-05-20 14:55:40'),
(148, 5, 'Prof. Jaquelin Dooley II', 'Molestias illum voluptate voluptas praesentium perferendis. Ad rem inventore earum voluptatibus minus dicta. Rerum enim rem accusamus.', 2, '2019-05-20 14:55:40', '2019-05-20 14:55:40'),
(149, 30, 'Kris Feeney', 'Voluptatem culpa quod dolorem nam. Odit voluptas dolor reiciendis voluptatem consequatur voluptate explicabo. Molestiae nobis dolor non minima eius ab aliquam inventore.', 1, '2019-05-20 14:55:40', '2019-05-20 14:55:40'),
(150, 15, 'Name Bartell', 'Sit in enim culpa est architecto nemo magni. Excepturi quis sunt dolorum placeat vitae quia ipsum. Est et sed id quis sit nisi. Qui consequatur numquam culpa ab consequatur autem ea.', 0, '2019-05-20 14:55:40', '2019-05-20 14:55:40'),
(151, 12, 'Laurie Lynch', 'Nostrum repellat modi eum omnis in id et. Quasi explicabo perferendis pariatur ratione. Animi sequi eum sunt quaerat.', 2, '2019-05-20 14:55:40', '2019-05-20 14:55:40'),
(152, 50, 'Bruce Predovic MD', 'Occaecati minima incidunt eligendi mollitia ut praesentium eum. Esse qui et veniam sequi repudiandae harum voluptatum. Ducimus natus laboriosam voluptates explicabo voluptatem. Labore quo itaque excepturi nisi nam.', 5, '2019-05-20 14:55:40', '2019-05-20 14:55:40'),
(153, 41, 'Edwardo Schamberger', 'Vel nostrum dignissimos magni quidem. Voluptatem pariatur perferendis qui ut. Dolores ex sed nihil at sed non porro. Et facere error error aut. Esse dolores voluptas tempore qui.', 5, '2019-05-20 14:55:40', '2019-05-20 14:55:40'),
(154, 23, 'Sydnee Bayer II', 'Id qui sequi sapiente minima. Sint molestiae voluptatum accusamus laborum enim autem modi. Aut molestiae autem corrupti consectetur harum eos nobis. Culpa dolor nobis ex illo labore ea.', 3, '2019-05-20 14:55:40', '2019-05-20 14:55:40'),
(155, 6, 'Ivy Mitchell MD', 'Aut provident suscipit sit reiciendis sit natus. Aut aut quis autem ut distinctio nisi. Mollitia deserunt accusamus aut. Doloremque delectus sit magnam ut soluta.', 5, '2019-05-20 14:55:40', '2019-05-20 14:55:40'),
(156, 47, 'Rose Nitzsche', 'Odio consequuntur rerum laborum vel. Hic et sunt eveniet id. Dicta nam voluptatum ut sit. Temporibus doloribus et accusantium ipsum adipisci sed.', 2, '2019-05-20 14:55:40', '2019-05-20 14:55:40'),
(157, 45, 'Trenton Grimes', 'Blanditiis alias porro commodi sit accusamus molestiae. Autem est pariatur expedita delectus magnam nulla. Perspiciatis aut non vero pariatur adipisci ipsam.', 3, '2019-05-20 14:55:40', '2019-05-20 14:55:40'),
(158, 45, 'Gaylord Ernser', 'Officia occaecati enim maxime blanditiis. Odit est id beatae asperiores molestiae qui adipisci. Et necessitatibus officiis magnam sed aut. Velit in consequuntur et tempore modi.', 5, '2019-05-20 14:55:40', '2019-05-20 14:55:40'),
(159, 16, 'Ellie Marvin', 'Quae perspiciatis ut nostrum qui nesciunt. Sed natus consectetur ipsum perferendis. Fugit voluptatibus totam impedit mollitia. Consequatur officiis autem vel dicta voluptatum dicta laborum. Architecto ab et laboriosam ut cupiditate.', 0, '2019-05-20 14:55:40', '2019-05-20 14:55:40'),
(160, 9, 'Ross Gaylord', 'Soluta est voluptas adipisci maiores et et excepturi illum. Et aperiam tempora fugit alias. Ea dolorum magni vel aut ut ea.', 5, '2019-05-20 14:55:40', '2019-05-20 14:55:40'),
(161, 38, 'Yazmin Pagac DVM', 'Quis voluptatem consectetur culpa consequuntur ex esse. Repellat odit nulla ad. Minus quis quibusdam ut.', 4, '2019-05-20 14:55:40', '2019-05-20 14:55:40'),
(162, 41, 'Reese Wuckert', 'Nisi sapiente praesentium esse illo necessitatibus et voluptas. Dolores sit eum iste enim et quia necessitatibus provident. Ut voluptatem sed hic velit et. Nostrum similique nobis minus aperiam minus.', 2, '2019-05-20 14:55:40', '2019-05-20 14:55:40'),
(163, 43, 'Dr. Laurel Feeney', 'Mollitia aperiam quia quod necessitatibus exercitationem pariatur aut. Perferendis voluptas laborum aut est soluta. Laboriosam maiores quisquam ut aliquid est est placeat cumque.', 3, '2019-05-20 14:55:40', '2019-05-20 14:55:40'),
(164, 22, 'Mr. Keeley Carroll', 'At est voluptas et quia deserunt omnis qui. Id amet ut quam rerum. Voluptate laboriosam omnis et qui. Atque consequatur ipsa perferendis voluptatem.', 0, '2019-05-20 14:55:40', '2019-05-20 14:55:40'),
(165, 49, 'Cristal Powlowski DDS', 'Inventore ut sed esse et aut vel quaerat. Nihil facere ut tenetur alias quia magnam. Mollitia et saepe omnis fugiat fugit ea sit.', 5, '2019-05-20 14:55:40', '2019-05-20 14:55:40'),
(166, 46, 'Prof. Giovanny Pollich III', 'Minima voluptas officia quam rem. Nobis id sit officiis debitis delectus eaque. Impedit in in molestiae alias dolorum qui nihil. Quis quos ad non.', 5, '2019-05-20 14:55:40', '2019-05-20 14:55:40'),
(167, 19, 'Dr. Colt Ryan Jr.', 'Consequatur architecto repellendus vel sint aut sint. Commodi est minima ut molestiae animi amet. Nemo ut sint ut dolorum.', 4, '2019-05-20 14:55:40', '2019-05-20 14:55:40'),
(168, 31, 'Vivianne Schulist', 'Repellat dolore amet culpa voluptatem ut eum et. In et nobis quo cum voluptatibus voluptas accusantium. Et earum itaque inventore.', 0, '2019-05-20 14:55:40', '2019-05-20 14:55:40'),
(169, 46, 'Johnathon O\'Kon', 'Quod libero enim numquam quis sint dolor vitae odio. Esse repellendus et animi sint qui eum. Fuga ullam aliquam at ipsum. Sit qui et quod recusandae odio omnis corporis.', 5, '2019-05-20 14:55:40', '2019-05-20 14:55:40'),
(170, 22, 'Lavon Senger', 'Voluptatem dolor possimus id voluptas quis. Assumenda in ut sequi enim aut consequatur. Modi ullam qui ipsam porro omnis qui deserunt. Exercitationem facilis quasi est voluptatem.', 0, '2019-05-20 14:55:40', '2019-05-20 14:55:40'),
(171, 27, 'Lorenz Donnelly', 'Eaque voluptatem quae delectus saepe. Quis qui vel et consequatur eos. Rerum aut qui neque exercitationem nemo. Sed nihil molestiae pariatur labore consectetur eum corporis.', 5, '2019-05-20 14:55:40', '2019-05-20 14:55:40'),
(172, 28, 'Brendan Mraz', 'Officia autem provident repellat ducimus at ratione nam. Magnam nobis et delectus vitae. Blanditiis vel incidunt fuga dolorem quia.', 3, '2019-05-20 14:55:41', '2019-05-20 14:55:41'),
(173, 2, 'Trever Cronin II', 'Repellat suscipit est dolorum voluptatem. Similique qui numquam et aut. Modi ut debitis possimus earum. Quo vero nihil eaque beatae exercitationem et.', 1, '2019-05-20 14:55:41', '2019-05-20 14:55:41'),
(174, 6, 'Laverna Harvey', 'Officiis iste assumenda quod sed. Laudantium fugit et et et. Saepe quisquam illo quae et in qui enim.', 4, '2019-05-20 14:55:41', '2019-05-20 14:55:41'),
(175, 3, 'Fatima Rippin', 'Deserunt sapiente neque labore. Ratione itaque quisquam sed porro sint dolore. Suscipit esse ut dolorem aut tenetur. Voluptate sit numquam est nostrum nihil id voluptas incidunt.', 4, '2019-05-20 14:55:41', '2019-05-20 14:55:41'),
(176, 19, 'Dr. Name Mosciski I', 'Autem consequatur ipsa totam ut. Neque ut facere et vel omnis a quia. Quo necessitatibus sit sint reiciendis. Eligendi rem beatae maxime.', 0, '2019-05-20 14:55:41', '2019-05-20 14:55:41'),
(177, 47, 'Prof. Haylee Heller', 'Alias dolores voluptas recusandae. Placeat magnam neque quia nihil. Quam non voluptas veniam qui. Explicabo voluptatem quia alias. Sunt aut rerum est.', 3, '2019-05-20 14:55:41', '2019-05-20 14:55:41'),
(178, 50, 'Mrs. Fabiola Kohler I', 'Aspernatur vel autem porro et perspiciatis et sint. Soluta quo sit tempore voluptatem id unde. Iure temporibus natus soluta iusto suscipit pariatur. Aut numquam corrupti ea adipisci. Modi nihil in repudiandae iure non reiciendis.', 2, '2019-05-20 14:55:41', '2019-05-20 14:55:41'),
(179, 36, 'Prof. Brice Schinner V', 'Porro expedita ea libero distinctio. Laudantium consequatur velit omnis corrupti error occaecati.', 1, '2019-05-20 14:55:41', '2019-05-20 14:55:41'),
(180, 9, 'Brandi Considine', 'Et similique sit aliquam maiores nobis. Laudantium rerum rerum omnis ut atque. Deserunt ipsum aut cum tempora ut.', 2, '2019-05-20 14:55:41', '2019-05-20 14:55:41'),
(181, 41, 'Prof. Jammie Braun I', 'Enim voluptates nisi error quo velit esse. Voluptas ea eos quos et. Sit qui iure quia sit tempore vel et. Eveniet cupiditate in sed fugit inventore et sunt.', 5, '2019-05-20 14:55:41', '2019-05-20 14:55:41'),
(182, 39, 'Perry Brekke', 'Libero sed eaque repellendus dolorem. Amet assumenda nam beatae culpa. Enim molestias aliquid at.', 0, '2019-05-20 14:55:41', '2019-05-20 14:55:41'),
(183, 39, 'Leora Kilback II', 'Debitis molestiae aperiam aut eius quia. Nobis quo dolorem voluptatem aspernatur et et ratione ipsam. Et eius libero aut aut rerum.', 3, '2019-05-20 14:55:41', '2019-05-20 14:55:41'),
(184, 18, 'Prof. Orrin Leuschke Sr.', 'Perspiciatis et quia accusantium voluptates. Quaerat eum odio nobis aut. Asperiores et doloremque aut est est fugiat.', 0, '2019-05-20 14:55:41', '2019-05-20 14:55:41'),
(185, 20, 'Electa Leannon', 'Sequi unde voluptate sed sunt et consequatur. Esse libero exercitationem quasi qui. Officia maiores autem laudantium eum sed non eveniet. Error facere sed velit ad.', 2, '2019-05-20 14:55:41', '2019-05-20 14:55:41'),
(186, 50, 'Prof. Talon Prohaska', 'Tempora aliquid qui et. Iste voluptas expedita doloremque nihil quis voluptates est. Ipsam quis ut commodi minus temporibus. Minus eos eius ipsum doloremque. Et quia animi asperiores id cupiditate.', 5, '2019-05-20 14:55:41', '2019-05-20 14:55:41'),
(187, 4, 'Eric Swift Sr.', 'Qui quidem qui accusantium totam molestiae. Recusandae id exercitationem voluptate in ratione minus rerum. Voluptate accusantium eaque error temporibus qui velit nemo. Ea est nisi repudiandae explicabo.', 1, '2019-05-20 14:55:41', '2019-05-20 14:55:41'),
(188, 23, 'Mr. Tony Gulgowski MD', 'Distinctio voluptatem nam tempore soluta reiciendis ullam. Quia perferendis optio et sit. Cumque assumenda dolorem vel.', 5, '2019-05-20 14:55:41', '2019-05-20 14:55:41'),
(189, 14, 'Ben Leuschke', 'Reprehenderit suscipit porro explicabo inventore. Voluptatibus aspernatur quia harum dolorum aspernatur unde. Ut magnam eos ducimus aut deserunt dolor. Id aut quos alias quos aut non qui.', 3, '2019-05-20 14:55:41', '2019-05-20 14:55:41'),
(190, 19, 'Raphaelle Gaylord', 'Laborum et excepturi totam et nihil dolor velit. Ut exercitationem qui consequatur. Eum culpa aut sunt eligendi totam.', 3, '2019-05-20 14:55:41', '2019-05-20 14:55:41'),
(191, 3, 'Korbin Koelpin', 'Eos eos et architecto culpa consequatur. Optio ipsa in sed laborum recusandae. Corporis aut eum reprehenderit ipsam magnam veniam. Illo quia quaerat qui qui debitis earum repellat. Repudiandae non illum molestiae iure est.', 4, '2019-05-20 14:55:41', '2019-05-20 14:55:41'),
(192, 11, 'Ms. Vincenza Satterfield', 'Officiis nobis fuga minima laborum sed aliquid iure sunt. Eum sit modi facilis qui. Quisquam non accusamus inventore accusamus tenetur eligendi quo modi. Aliquid blanditiis quia aut iste quia excepturi alias.', 5, '2019-05-20 14:55:41', '2019-05-20 14:55:41'),
(193, 15, 'Walton Reilly', 'Vero magni ut qui mollitia cupiditate soluta. Quis ullam maiores et rerum repudiandae ea est.', 0, '2019-05-20 14:55:41', '2019-05-20 14:55:41'),
(194, 46, 'Stacey King III', 'Molestiae possimus repellat blanditiis facilis. Aperiam hic est error veritatis debitis. Sit tempora voluptatem facilis molestiae reprehenderit accusantium. Delectus perferendis est eligendi cupiditate ea animi in.', 2, '2019-05-20 14:55:41', '2019-05-20 14:55:41'),
(195, 39, 'Cassandre Rowe', 'Libero veritatis dolorem corrupti veritatis. Ullam nesciunt est molestiae dolorum placeat quia tempore. Modi nobis autem aut voluptas amet.', 2, '2019-05-20 14:55:41', '2019-05-20 14:55:41'),
(196, 5, 'Aric Zboncak', 'Est praesentium officia iure est dolorem nihil. Rerum quis earum autem similique tempora. Dolor velit eaque tempore aut sint est temporibus. Sunt placeat qui dolor perspiciatis.', 2, '2019-05-20 14:55:41', '2019-05-20 14:55:41'),
(197, 44, 'Lue Cassin IV', 'Dolor velit sed voluptatem enim explicabo minus. Minus est veritatis aspernatur et. Dolorem pariatur cupiditate laboriosam velit autem expedita amet tempore.', 0, '2019-05-20 14:55:41', '2019-05-20 14:55:41'),
(198, 48, 'Prof. Augustus Homenick', 'Optio non quidem reprehenderit odio qui. Qui voluptatem est possimus voluptas autem. Reiciendis dolorum magni mollitia rem. Natus reiciendis et sit rem magni similique ipsam.', 2, '2019-05-20 14:55:42', '2019-05-20 14:55:42'),
(199, 50, 'Brianne Toy', 'Error voluptas consequuntur amet earum. Corrupti et at blanditiis in est praesentium et. Rerum rerum quos nihil. Enim rerum repudiandae ut dolor adipisci.', 0, '2019-05-20 14:55:42', '2019-05-20 14:55:42'),
(200, 38, 'Shanny Monahan', 'Quasi non voluptatibus qui deserunt amet eum id. Et ipsum et magni adipisci repudiandae nam. Incidunt sapiente nihil sit eum est. Tempora magni veritatis tempore ipsa voluptate. Placeat necessitatibus vero dolores veritatis.', 5, '2019-05-20 14:55:42', '2019-05-20 14:55:42'),
(201, 39, 'Dr. Queenie Bartoletti DDS', 'Enim vitae et et mollitia. Accusamus possimus voluptas pariatur est neque aliquam mollitia. Et dolor reprehenderit quo et voluptas autem quo.', 5, '2019-05-20 14:55:42', '2019-05-20 14:55:42'),
(202, 28, 'Garett Dickens', 'Omnis ut architecto harum dicta. Qui beatae optio est libero pariatur quam. Et est quidem sint et dolores consequatur.', 4, '2019-05-20 14:55:42', '2019-05-20 14:55:42'),
(203, 6, 'Dr. Darian Senger', 'Itaque et fugit et in qui culpa asperiores. Et commodi non eos qui aut doloribus nihil.', 3, '2019-05-20 14:55:42', '2019-05-20 14:55:42'),
(204, 44, 'Howard Carroll', 'Aperiam ducimus inventore consequatur voluptatum perspiciatis aspernatur. Vel ab illum in dolore veritatis ullam iure. Saepe maxime velit voluptas quia. At expedita molestiae autem omnis dignissimos.', 1, '2019-05-20 14:55:42', '2019-05-20 14:55:42'),
(205, 31, 'Vernice Hills', 'Natus voluptates aliquid et dicta quia qui. Et dolorem itaque asperiores ab dolore fugiat porro. Quae doloremque numquam omnis autem nam ad. Nemo aut quia repellat qui ab exercitationem vel.', 1, '2019-05-20 14:55:42', '2019-05-20 14:55:42'),
(206, 10, 'Alexandre Dietrich', 'In inventore vel corrupti et quo sunt ex. Ut harum adipisci esse tenetur debitis. Omnis in et a ut fuga nostrum autem.', 4, '2019-05-20 14:55:42', '2019-05-20 14:55:42'),
(207, 2, 'Allison Lesch', 'Odit dolores tempora eaque delectus ipsa. Consequatur exercitationem est officiis enim aperiam praesentium. Aut nemo vel voluptatem nam numquam consequatur. Iste omnis deserunt itaque.', 5, '2019-05-20 14:55:42', '2019-05-20 14:55:42'),
(208, 14, 'Nedra Jacobi', 'Commodi fuga consequatur temporibus natus. Excepturi asperiores ut qui sint sit aspernatur neque adipisci. Porro sit accusantium expedita illo et.', 2, '2019-05-20 14:55:42', '2019-05-20 14:55:42'),
(209, 1, 'Broderick Roberts', 'Facilis quo repellendus est quaerat fugiat qui in. Dolores sint magni id assumenda suscipit. Voluptas amet harum et.', 1, '2019-05-20 14:55:42', '2019-05-20 14:55:42');
INSERT INTO `reviews` (`id`, `product_id`, `customer`, `review`, `star`, `created_at`, `updated_at`) VALUES
(210, 4, 'Amy Davis', 'Libero explicabo et ea illum. Maxime quam eaque et et. Qui placeat reprehenderit cumque aut asperiores. Sint esse iusto voluptates.', 4, '2019-05-20 14:55:42', '2019-05-20 14:55:42'),
(211, 39, 'Earlene Tremblay', 'Accusantium dolor sunt odio quia velit deleniti excepturi dignissimos. Nulla numquam quia corrupti sed fugiat sequi illo. Dicta veritatis aut officia non amet. Itaque corrupti consectetur dolores fuga similique fugit excepturi. Deleniti necessitatibus iste numquam saepe tenetur et ad.', 4, '2019-05-20 14:55:42', '2019-05-20 14:55:42'),
(212, 46, 'Devan Sanford DVM', 'Nostrum eos vero itaque tempora voluptas rerum fuga. Iure qui eum porro doloremque quod dicta molestiae. Nisi iste aut doloremque et aut repellat. Aut et ab deleniti.', 5, '2019-05-20 14:55:42', '2019-05-20 14:55:42'),
(213, 49, 'Ms. Isabell Grimes II', 'Perferendis sit aut doloribus. Pariatur illum perferendis nesciunt et et blanditiis repudiandae. Maiores dicta dolores qui.', 3, '2019-05-20 14:55:42', '2019-05-20 14:55:42'),
(214, 1, 'Raven Lebsack PhD', 'Ut omnis dolorum consequatur recusandae. Voluptatibus aut aut minima id et. Voluptates dolorem inventore quo incidunt dolorem dolores. Amet ad deleniti repellendus. Voluptatem explicabo sed laboriosam.', 5, '2019-05-20 14:55:42', '2019-05-20 14:55:42'),
(215, 31, 'Miss Bonnie Conroy', 'Aut omnis molestiae aut sit illo. Eos doloribus voluptatem est quidem sed cupiditate. Dolor omnis sit culpa.', 2, '2019-05-20 14:55:42', '2019-05-20 14:55:42'),
(216, 6, 'Perry Schultz', 'Iure corporis et aliquam. Nemo sed est officiis dolorem voluptatem est tenetur. Rerum soluta at numquam fuga laboriosam qui. Officia nam sequi impedit molestias quia quisquam.', 5, '2019-05-20 14:55:42', '2019-05-20 14:55:42'),
(217, 40, 'Molly Goodwin', 'Ratione iure sit modi quae. Qui corporis doloremque at blanditiis iusto aliquid voluptatibus. Voluptatem repudiandae nam voluptatem deleniti enim labore delectus. Non quas recusandae voluptatem unde qui commodi.', 2, '2019-05-20 14:55:42', '2019-05-20 14:55:42'),
(218, 5, 'Athena Cassin III', 'Vel nisi esse occaecati fuga ullam. Quam sunt et iusto reprehenderit velit deleniti. Fugiat aut repudiandae sint. Ut sint consequuntur recusandae in quisquam aut.', 1, '2019-05-20 14:55:42', '2019-05-20 14:55:42'),
(219, 19, 'Briana Mertz', 'Esse aperiam non ex placeat perspiciatis. Sunt ad voluptatum non et repellat voluptatum rerum in.', 0, '2019-05-20 14:55:42', '2019-05-20 14:55:42'),
(220, 40, 'Ms. Laurine Spinka Jr.', 'Enim beatae exercitationem et. Commodi qui sapiente ad cupiditate cum fuga non sed. Expedita non non est possimus nesciunt.', 3, '2019-05-20 14:55:42', '2019-05-20 14:55:42'),
(221, 10, 'May Spencer', 'Sequi et nostrum architecto. Aut a sit fugiat quia. Sed et et odit quas quam odio aut vero.', 0, '2019-05-20 14:55:42', '2019-05-20 14:55:42'),
(222, 26, 'Braxton Jakubowski MD', 'Rerum natus libero quis quia iste voluptate. Dolorum quibusdam iste officia aut pariatur consectetur. Et ut est tenetur adipisci vitae animi suscipit. Molestiae excepturi ducimus unde praesentium. Sint eligendi iste qui est consequatur velit vitae.', 5, '2019-05-20 14:55:42', '2019-05-20 14:55:42'),
(223, 49, 'Prof. Tod Crona PhD', 'Doloremque est rerum sapiente hic qui facilis cumque. Quod maxime dolorem id sint sunt. Minus expedita sunt et veniam maxime animi ut.', 1, '2019-05-20 14:55:42', '2019-05-20 14:55:42'),
(224, 40, 'Verda Eichmann', 'Totam voluptatem ipsum atque officiis accusantium enim dolores. Blanditiis ut modi cum id id nisi aliquam. Architecto beatae hic qui autem facere nemo atque.', 3, '2019-05-20 14:55:42', '2019-05-20 14:55:42'),
(225, 22, 'Amara Gislason', 'Laborum velit est dicta assumenda. Recusandae voluptate nobis laboriosam porro praesentium eveniet labore. Error minima sint aut. Et porro occaecati recusandae ipsum rerum voluptatum animi.', 4, '2019-05-20 14:55:42', '2019-05-20 14:55:42'),
(226, 2, 'Aiyana Murray', 'Sunt quis ut reprehenderit voluptas neque. Labore corrupti eius harum aut blanditiis ipsum repudiandae. Modi et soluta nisi nisi.', 0, '2019-05-20 14:55:42', '2019-05-20 14:55:42'),
(227, 33, 'Cristal Gislason', 'Tempore iste asperiores excepturi et voluptatem maiores exercitationem. Asperiores voluptatem ut quae quia cumque iure atque. Beatae unde nihil sit minima quae. Voluptas soluta amet hic qui rerum voluptatibus velit.', 5, '2019-05-20 14:55:42', '2019-05-20 14:55:42'),
(228, 22, 'Miss Luella Jast', 'Fugiat consequatur distinctio quam quia. Molestiae doloremque eaque dolorum rem natus molestiae itaque. Dignissimos quibusdam aut alias officiis qui excepturi rem. Ab sunt voluptatem laudantium ex.', 5, '2019-05-20 14:55:42', '2019-05-20 14:55:42'),
(229, 16, 'Brenna Mitchell', 'Nisi iusto rerum deleniti doloribus quibusdam dolorum totam. Reiciendis illo aut aliquid tempore. Occaecati deleniti similique labore dolores nulla et quam.', 4, '2019-05-20 14:55:42', '2019-05-20 14:55:42'),
(230, 4, 'Dr. Norwood Runolfsson', 'Et rerum ea autem nemo inventore rerum ipsum. Ratione ipsam nemo eius dolorum iusto maxime. Officiis quis quibusdam eveniet harum a voluptas ut. Sapiente vero qui dolorem consequatur qui exercitationem.', 0, '2019-05-20 14:55:43', '2019-05-20 14:55:43'),
(231, 41, 'Prof. Tyree Beier V', 'Numquam quis impedit odit harum nemo quasi. Voluptas magni ut quae nihil deserunt et. Fugit culpa officia qui corporis. Harum ducimus harum quis quam et.', 4, '2019-05-20 14:55:43', '2019-05-20 14:55:43'),
(232, 27, 'Prof. Dangelo Kuphal DDS', 'Iste velit vel aut necessitatibus tenetur unde nisi molestiae. Consequatur ut molestiae aut illum. Voluptatem dignissimos quis aut. Beatae laborum enim provident vero similique consectetur. Est ab exercitationem praesentium nihil maiores iusto.', 3, '2019-05-20 14:55:43', '2019-05-20 14:55:43'),
(233, 17, 'Marcella Emard', 'Quos est facilis modi velit eum qui. Beatae distinctio dicta magnam quos. Suscipit ipsam distinctio ut nostrum exercitationem et.', 0, '2019-05-20 14:55:43', '2019-05-20 14:55:43'),
(234, 19, 'Prof. Jamarcus Lemke MD', 'Pariatur voluptatem ut repudiandae aut quia. Et et placeat mollitia veniam laboriosam. Ut quia repellat et ut ut qui. Reiciendis error eius eos et.', 5, '2019-05-20 14:55:43', '2019-05-20 14:55:43'),
(235, 40, 'Prof. Unique Corwin', 'Aut vel ut earum. Ad eum adipisci voluptatem occaecati reprehenderit est. Ullam excepturi eaque magnam nemo. Placeat ut consequatur adipisci in assumenda quis.', 3, '2019-05-20 14:55:43', '2019-05-20 14:55:43'),
(236, 8, 'Unique Lebsack III', 'Est culpa et nesciunt totam ab repellendus. Ipsum et earum magnam perspiciatis ex vero. Laudantium blanditiis ullam reprehenderit dolorum dolor laudantium sit exercitationem.', 4, '2019-05-20 14:55:43', '2019-05-20 14:55:43'),
(237, 24, 'Mike Pfannerstill', 'Adipisci sunt officia dignissimos facere consequuntur. Voluptatem maxime dolor recusandae tempora enim illum. Odit est rerum illo ut. Id asperiores sed provident quas laboriosam enim consequuntur.', 3, '2019-05-20 14:55:43', '2019-05-20 14:55:43'),
(238, 9, 'Alysha Corwin', 'Distinctio distinctio aspernatur quas quo. Rerum blanditiis qui expedita officiis consequatur. Eaque dicta in doloribus totam expedita. Et laudantium et ducimus sunt omnis nobis laboriosam. Ut maxime fuga cumque repellat repellat.', 1, '2019-05-20 14:55:43', '2019-05-20 14:55:43'),
(239, 45, 'Catharine Wintheiser MD', 'Eligendi in voluptatibus reiciendis qui voluptatem eaque reiciendis. Vero incidunt nisi consequuntur mollitia. Velit ad rerum voluptates deleniti qui dolores quia. Provident iusto mollitia laudantium hic facere. Rem molestiae hic ut repudiandae molestias.', 1, '2019-05-20 14:55:43', '2019-05-20 14:55:43'),
(240, 28, 'Wilfrid O\'Conner DVM', 'Enim est id non dignissimos non rerum dolorem. Reiciendis molestias est doloremque similique pariatur. Fuga excepturi architecto aut quidem ut odit a.', 0, '2019-05-20 14:55:43', '2019-05-20 14:55:43'),
(241, 14, 'Andres Torp', 'Cupiditate ut ullam eligendi illum. Dolore sit cumque accusamus illum eaque et. In maiores odit tempora dolore.', 0, '2019-05-20 14:55:43', '2019-05-20 14:55:43'),
(242, 25, 'Bernardo Keeling I', 'Sint qui blanditiis et accusantium. Sint corporis id laudantium perferendis eligendi vel. Voluptas sit autem et sint corrupti.', 4, '2019-05-20 14:55:43', '2019-05-20 14:55:43'),
(243, 47, 'Prof. Emely Kassulke', 'Cum perferendis aliquid cupiditate est id dicta. Consequatur molestiae quam libero repellat explicabo vel et. Quos odit ullam voluptatem et voluptates necessitatibus maxime. Vel id officiis quis tempore.', 4, '2019-05-20 14:55:43', '2019-05-20 14:55:43'),
(244, 17, 'Cordie Gusikowski', 'Quo voluptatum sed accusantium corrupti. Sunt qui veniam iste. Et praesentium repudiandae ipsa et nulla. Eum ipsam fugit id.', 1, '2019-05-20 14:55:43', '2019-05-20 14:55:43'),
(245, 3, 'Winston Wisozk', 'Quis omnis quia ut aut quo eligendi. Doloremque nihil dolore ut qui dolorem nesciunt. Neque illo sapiente similique voluptas aliquam. Odio voluptas nostrum officia.', 5, '2019-05-20 14:55:43', '2019-05-20 14:55:43'),
(246, 26, 'Kavon Bailey', 'Ab eius in earum ullam cum doloribus inventore. Deleniti non quasi numquam dolore. Expedita officiis occaecati quos omnis animi nihil.', 1, '2019-05-20 14:55:43', '2019-05-20 14:55:43'),
(247, 12, 'Winifred Steuber', 'Aut molestias eius iste quo aliquam. Consectetur quo commodi provident blanditiis in et quia non. Ipsum quia suscipit qui. Illum sequi nobis magnam distinctio ducimus.', 3, '2019-05-20 14:55:43', '2019-05-20 14:55:43'),
(248, 17, 'Mr. Seth Wisoky', 'Repellat excepturi dolor nisi dolor. Maxime voluptatum vel possimus maiores aliquid omnis similique. Non ea maxime culpa officiis. Ipsum et corrupti assumenda amet vero deserunt sequi minus.', 5, '2019-05-20 14:55:43', '2019-05-20 14:55:43'),
(249, 17, 'Khalil Walsh', 'Maiores distinctio labore voluptas repellendus. Ut qui exercitationem maxime. Accusantium sunt dolore perferendis alias facere id esse.', 2, '2019-05-20 14:55:43', '2019-05-20 14:55:43'),
(250, 40, 'Mr. Brooks Hammes DVM', 'Sint est id aut qui voluptatem sint saepe eum. Repellat quam eius dicta ipsum. Doloremque molestiae tempora sapiente odio aut modi magnam.', 5, '2019-05-20 14:55:43', '2019-05-20 14:55:43'),
(251, 43, 'Prof. Kaylie Kuhn II', 'Consectetur iure quas et autem. Harum voluptatem repellendus voluptatem rem et qui neque enim. Repellat earum sed nostrum debitis impedit qui. Harum blanditiis dignissimos voluptatum eum cum illum.', 0, '2019-05-20 14:55:43', '2019-05-20 14:55:43'),
(252, 11, 'Chester Langosh', 'Iusto excepturi odit deserunt voluptatibus dicta reiciendis. Vitae ipsum non maxime provident qui sunt. Veritatis omnis quia qui optio ea voluptatem et facilis. Rem eaque eveniet quis placeat.', 5, '2019-05-20 14:55:43', '2019-05-20 14:55:43'),
(253, 19, 'Nora Hudson', 'Suscipit voluptas ea adipisci rerum quidem id ea sunt. Explicabo repellat incidunt quidem facere aut placeat. Voluptates velit perspiciatis impedit harum. Voluptatem eum ipsam ea dignissimos voluptatibus.', 2, '2019-05-20 14:55:43', '2019-05-20 14:55:43'),
(254, 39, 'Michaela Wiegand', 'Iste debitis eum ut recusandae id omnis. Quo ea alias non. Et laudantium incidunt ducimus ut. Ratione facilis explicabo qui quod.', 5, '2019-05-20 14:55:43', '2019-05-20 14:55:43'),
(255, 46, 'Dr. Abdiel Smith', 'Eos vel debitis non optio. Iste quasi laudantium recusandae earum atque voluptas. Voluptas corporis iusto mollitia placeat reiciendis consequatur.', 2, '2019-05-20 14:55:43', '2019-05-20 14:55:43'),
(256, 13, 'Kristoffer Ebert I', 'Explicabo dignissimos quam quo vel. Harum consequatur molestiae earum quibusdam et consequuntur voluptas. Voluptatem officia repudiandae provident dicta odio sed. Nisi ducimus odit nihil est quod.', 5, '2019-05-20 14:55:44', '2019-05-20 14:55:44'),
(257, 35, 'Mr. Monty Kertzmann', 'Suscipit voluptas fugit id illum. Soluta voluptas possimus quam et. Quo maxime vero est dolor nesciunt placeat et. Magni dolor vero totam rerum tempora voluptatem qui.', 0, '2019-05-20 14:55:44', '2019-05-20 14:55:44'),
(258, 42, 'Gunner Baumbach', 'Sint sint provident nostrum illum porro. Quae delectus praesentium nisi repellat vitae. Dolor ratione blanditiis aut omnis ut. Error voluptas et laboriosam voluptas exercitationem.', 1, '2019-05-20 14:55:44', '2019-05-20 14:55:44'),
(259, 2, 'Renee McCullough', 'Vel consequatur iusto non. Ea sed et voluptatem necessitatibus commodi vero fugiat. Voluptas voluptas quis id pariatur quis.', 5, '2019-05-20 14:55:44', '2019-05-20 14:55:44'),
(260, 8, 'Dr. Zander Abernathy', 'Et doloremque nam neque rerum dolor saepe ipsum. Commodi odit optio ut est culpa quia ipsum. Eaque ut sit itaque dolore qui minima.', 2, '2019-05-20 14:55:44', '2019-05-20 14:55:44'),
(261, 45, 'Leonard Kuhic', 'Est repudiandae vero et libero voluptas at. Eveniet id temporibus deserunt nam. Cum ipsum ducimus tempore dicta et. Ut adipisci excepturi a incidunt. Rem distinctio aut consectetur exercitationem dolor et quasi accusantium.', 1, '2019-05-20 14:55:44', '2019-05-20 14:55:44'),
(262, 14, 'Allison Fahey DVM', 'Omnis at ipsa exercitationem cum. Sit deserunt quae quis magnam eaque. Necessitatibus autem dolorem quaerat debitis quaerat.', 3, '2019-05-20 14:55:44', '2019-05-20 14:55:44'),
(263, 44, 'Prof. Zita Quigley', 'Est quibusdam doloremque cupiditate sed voluptatem. Architecto recusandae autem vel sunt repellendus quis qui dolor. Vel quia omnis sunt odit dolores. Ad velit voluptas itaque laboriosam ut.', 0, '2019-05-20 14:55:44', '2019-05-20 14:55:44'),
(264, 45, 'Diana Turner', 'Amet et dolor id in eum ut provident dolores. Sunt autem dolorem repellat natus blanditiis aspernatur necessitatibus. Quos deleniti ut ipsum nisi ut repellat delectus. Tempore sint at dolorem dignissimos minus. Assumenda reiciendis ea aliquam velit beatae neque.', 0, '2019-05-20 14:55:44', '2019-05-20 14:55:44'),
(265, 14, 'Joseph Mraz', 'Sit ducimus et nihil et et enim dolorem. Adipisci ducimus molestias culpa cum vitae. Harum est aut aperiam officia perferendis. Illo natus in quis rerum et.', 5, '2019-05-20 14:55:44', '2019-05-20 14:55:44'),
(266, 42, 'Dejah Strosin', 'Atque ducimus est inventore similique earum quis ducimus. Voluptatem repellat aut repellat nemo rem officia omnis harum. Praesentium sunt autem occaecati doloremque maxime libero qui. Autem placeat officia placeat reprehenderit veniam quibusdam. Minima delectus omnis et facilis rerum est ab sit.', 4, '2019-05-20 14:55:44', '2019-05-20 14:55:44'),
(267, 48, 'Zula Greenholt', 'Ab tempore voluptas aliquam. Sed qui explicabo eum non totam tenetur placeat aliquam. Similique doloribus qui voluptatem vel eligendi sint. Pariatur quia voluptate adipisci quasi dolorem aut autem.', 2, '2019-05-20 14:55:44', '2019-05-20 14:55:44'),
(268, 6, 'Dr. Makayla White Jr.', 'Omnis eligendi autem consequatur similique cupiditate officia. Blanditiis velit vel et consequatur aut nobis. Id voluptates autem neque consequatur consequatur culpa. Veritatis ullam qui quo consequatur. Molestiae soluta libero autem corrupti in nulla.', 1, '2019-05-20 14:55:44', '2019-05-20 14:55:44'),
(269, 11, 'Prof. Paolo Robel I', 'Aliquid in et vel qui minus. Dignissimos quasi natus porro cupiditate necessitatibus. Quisquam nihil et commodi consequatur non ut maiores. Tempora a incidunt quo qui ipsa quia nisi.', 3, '2019-05-20 14:55:44', '2019-05-20 14:55:44'),
(270, 32, 'Freda Howell', 'Rerum blanditiis repudiandae excepturi ea incidunt enim distinctio. Facilis illo ab voluptatem qui in autem. Deleniti adipisci maiores aliquam.', 0, '2019-05-20 14:55:44', '2019-05-20 14:55:44'),
(271, 21, 'Laura Dicki', 'Voluptas sed et cupiditate officiis porro quia. Et culpa quisquam ex non. Eveniet dolor et rerum saepe consectetur sit sapiente.', 4, '2019-05-20 14:55:44', '2019-05-20 14:55:44'),
(272, 30, 'Mrs. Delta Gulgowski I', 'Placeat non maxime blanditiis unde. Quam et cumque est reiciendis mollitia voluptatem quaerat. Omnis assumenda est odit ea quae. Aut veritatis repellendus quidem sunt velit. Molestiae est quisquam qui ullam aperiam et laboriosam.', 5, '2019-05-20 14:55:44', '2019-05-20 14:55:44'),
(273, 1, 'Ms. Eudora Sauer', 'Qui quas consequatur dolorum labore quo. Aut et vel sint ducimus aut. Amet sapiente fuga cumque quo. Dicta nostrum a quam dolores earum ea ut.', 4, '2019-05-20 14:55:44', '2019-05-20 14:55:44'),
(274, 47, 'Brian Kautzer MD', 'Fuga et ad tenetur necessitatibus exercitationem officiis earum. Quidem laboriosam odit aut sit eaque possimus tenetur. Iure voluptatem officiis est.', 5, '2019-05-20 14:55:44', '2019-05-20 14:55:44'),
(275, 31, 'Irma Medhurst', 'Culpa et sint non quam non et nulla aut. Quis in laboriosam a pariatur ex. Totam modi eius eos est. Magni officiis consequatur enim.', 3, '2019-05-20 14:55:44', '2019-05-20 14:55:44'),
(276, 49, 'Yasmeen Brown', 'Voluptatem totam explicabo voluptate quae sunt. Reiciendis nulla fuga ea ut quia dignissimos facere amet. Ut et quis aperiam nisi sequi cupiditate doloribus a. Sed necessitatibus molestiae cumque corporis aut quos modi.', 1, '2019-05-20 14:55:44', '2019-05-20 14:55:44'),
(277, 46, 'Prof. Keith Schoen DVM', 'Velit quas at eius eos. Totam quis excepturi facere debitis earum. Ipsa perferendis aut eveniet qui laudantium molestias. Qui ut aperiam nobis eaque enim.', 1, '2019-05-20 14:55:44', '2019-05-20 14:55:44'),
(278, 38, 'Prof. Ernest Medhurst DDS', 'Totam corrupti neque quidem ex est rerum. Numquam eius quisquam quod.', 2, '2019-05-20 14:55:44', '2019-05-20 14:55:44'),
(279, 44, 'Laurine Abbott', 'Ullam voluptatibus rerum veritatis soluta. Rem perferendis non laudantium aliquid. Earum in quo qui et temporibus similique. Similique quod eos officiis.', 5, '2019-05-20 14:55:44', '2019-05-20 14:55:44'),
(280, 24, 'Earline Beier', 'Quod et quos aut officia. Vel natus soluta commodi sint alias. Sit quo ullam qui reprehenderit ut voluptates eos similique. Saepe voluptatum laboriosam consequatur aut velit officia est.', 4, '2019-05-20 14:55:44', '2019-05-20 14:55:44'),
(281, 31, 'Anabel Hudson', 'Optio ad iste sed reiciendis. Voluptatem deleniti laboriosam consequatur reprehenderit aut nobis. Qui consequatur vel provident qui.', 2, '2019-05-20 14:55:45', '2019-05-20 14:55:45'),
(282, 42, 'Sierra Fahey', 'Ut aut enim nulla adipisci eligendi. Inventore est molestiae incidunt soluta aut. Repudiandae aut totam a rerum et.', 1, '2019-05-20 14:55:45', '2019-05-20 14:55:45'),
(283, 45, 'Joy Osinski', 'Harum non ut est reprehenderit atque. Ratione autem molestiae fuga. Recusandae ad sapiente quia repudiandae minima non.', 3, '2019-05-20 14:55:45', '2019-05-20 14:55:45'),
(284, 30, 'Jedediah Turner', 'Reprehenderit voluptas officia earum deleniti sapiente corrupti perferendis. Consequatur iste voluptates velit voluptatem voluptatem at. Quasi corporis harum unde. Consequatur aut vel eos ipsa.', 1, '2019-05-20 14:55:45', '2019-05-20 14:55:45'),
(285, 6, 'Elisha Rau MD', 'Placeat eum tempore eligendi. Eius commodi blanditiis quibusdam libero similique.', 1, '2019-05-20 14:55:45', '2019-05-20 14:55:45'),
(286, 25, 'Billie Johnston DVM', 'Quia inventore ipsum eius exercitationem. Et voluptatem rerum ut et eligendi atque ratione. Voluptas maiores cumque nihil atque inventore explicabo doloribus.', 3, '2019-05-20 14:55:45', '2019-05-20 14:55:45'),
(287, 21, 'Mr. Giles Price', 'Odio ullam tenetur quod nam voluptas in soluta. Nobis ipsa suscipit numquam numquam possimus laboriosam illum. Iusto eveniet deserunt culpa cum nostrum adipisci nihil pariatur. Temporibus vel dolor dolor eveniet saepe laudantium.', 4, '2019-05-20 14:55:45', '2019-05-20 14:55:45'),
(288, 2, 'Ryder Kemmer', 'Facilis assumenda nihil ducimus dolore eaque ut expedita qui. Ea sed error voluptatem tempore. Atque perspiciatis ut fugiat odio.', 5, '2019-05-20 14:55:45', '2019-05-20 14:55:45'),
(289, 25, 'Victoria Dibbert', 'Rerum vitae quod iure dolorem odio ea amet. Sed sed quisquam quam beatae. Aliquid dolore totam tempore quis molestiae laborum numquam earum. Maxime et velit esse dolor est.', 2, '2019-05-20 14:55:45', '2019-05-20 14:55:45'),
(290, 25, 'Jovany Satterfield', 'Accusamus consequatur qui ad omnis quae et. Quisquam quidem incidunt inventore illum nulla architecto. Deleniti reiciendis aut est libero.', 1, '2019-05-20 14:55:45', '2019-05-20 14:55:45'),
(291, 22, 'Prof. Armani Hodkiewicz PhD', 'Enim voluptatem veritatis voluptatem ipsam tempora excepturi dolor. Praesentium dolor rerum ut. Consequatur aut a rem veniam error animi.', 4, '2019-05-20 14:55:45', '2019-05-20 14:55:45'),
(292, 29, 'Jessica Stracke', 'Dolores quas vel magnam a aut perspiciatis est. Ipsa libero eius doloribus debitis quisquam voluptas accusamus et.', 4, '2019-05-20 14:55:45', '2019-05-20 14:55:45'),
(293, 4, 'Sheridan Kuhn', 'Sed possimus commodi aspernatur atque delectus nisi. Quia amet voluptas aut enim veniam rerum recusandae eligendi.', 5, '2019-05-20 14:55:45', '2019-05-20 14:55:45'),
(294, 11, 'Dr. Ryann Grant I', 'Perferendis omnis autem veniam et distinctio laborum. Quia veniam aut ducimus autem in culpa. Modi asperiores sunt aliquid velit doloribus dolores sapiente.', 3, '2019-05-20 14:55:45', '2019-05-20 14:55:45'),
(295, 4, 'Alfred Anderson Sr.', 'Sit ut reprehenderit recusandae ipsam quasi incidunt delectus dolorem. Sed dolores consequatur rerum. Omnis enim veniam reiciendis accusamus possimus consectetur rerum.', 2, '2019-05-20 14:55:45', '2019-05-20 14:55:45'),
(296, 47, 'Dr. Pedro Cartwright DVM', 'Laboriosam vel exercitationem quam provident optio. Maiores expedita autem qui repellat assumenda. Quo voluptatibus quae quos quia. Et architecto et sed provident et ipsum rerum ducimus. Officiis rem non expedita atque cupiditate odit.', 2, '2019-05-20 14:55:45', '2019-05-20 14:55:45'),
(297, 14, 'Jazlyn Heidenreich', 'Itaque et aut reprehenderit impedit magni quam odit. Iusto sequi totam repudiandae minima. Commodi nemo aut nulla expedita iure aliquid.', 4, '2019-05-20 14:55:45', '2019-05-20 14:55:45'),
(298, 28, 'Aglae Wilderman', 'Minus ut facilis perspiciatis et. Accusamus illo vel ipsa ut quia voluptatum. Repellendus illum ratione dolorem a. Rerum et rerum veritatis quia maxime sunt voluptatibus.', 5, '2019-05-20 14:55:45', '2019-05-20 14:55:45'),
(299, 21, 'Tyree Renner', 'Sapiente omnis sint nostrum quidem. Mollitia ut labore eligendi consectetur iusto. Sapiente a voluptate ea aperiam at inventore.', 4, '2019-05-20 14:55:45', '2019-05-20 14:55:45'),
(300, 8, 'Mr. Dax VonRueden', 'Ut eos aperiam quia mollitia. Beatae officiis perspiciatis quaerat omnis eum. Eveniet repudiandae et officiis deserunt corrupti repellendus ratione.', 1, '2019-05-20 14:55:45', '2019-05-20 14:55:45');

-- --------------------------------------------------------

--
-- Table structure for table `users`
--

CREATE TABLE `users` (
  `id` int(10) UNSIGNED NOT NULL,
  `name` varchar(191) COLLATE utf8mb4_unicode_ci NOT NULL,
  `email` varchar(191) COLLATE utf8mb4_unicode_ci NOT NULL,
  `password` varchar(191) COLLATE utf8mb4_unicode_ci NOT NULL,
  `remember_token` varchar(100) COLLATE utf8mb4_unicode_ci DEFAULT NULL,
  `created_at` timestamp NULL DEFAULT NULL,
  `updated_at` timestamp NULL DEFAULT NULL
) ENGINE=InnoDB DEFAULT CHARSET=utf8mb4 COLLATE=utf8mb4_unicode_ci;

--
-- Indexes for dumped tables
--

--
-- Indexes for table `migrations`
--
ALTER TABLE `migrations`
  ADD PRIMARY KEY (`id`);

--
-- Indexes for table `password_resets`
--
ALTER TABLE `password_resets`
  ADD KEY `password_resets_email_index` (`email`);

--
-- Indexes for table `products`
--
ALTER TABLE `products`
  ADD PRIMARY KEY (`id`);

--
-- Indexes for table `reviews`
--
ALTER TABLE `reviews`
  ADD PRIMARY KEY (`id`),
  ADD KEY `reviews_product_id_index` (`product_id`);

--
-- Indexes for table `users`
--
ALTER TABLE `users`
  ADD PRIMARY KEY (`id`),
  ADD UNIQUE KEY `users_email_unique` (`email`);

--
-- AUTO_INCREMENT for dumped tables
--

--
-- AUTO_INCREMENT for table `migrations`
--
ALTER TABLE `migrations`
  MODIFY `id` int(10) UNSIGNED NOT NULL AUTO_INCREMENT, AUTO_INCREMENT=5;

--
-- AUTO_INCREMENT for table `products`
--
ALTER TABLE `products`
  MODIFY `id` int(10) UNSIGNED NOT NULL AUTO_INCREMENT, AUTO_INCREMENT=51;

--
-- AUTO_INCREMENT for table `reviews`
--
ALTER TABLE `reviews`
  MODIFY `id` int(10) UNSIGNED NOT NULL AUTO_INCREMENT, AUTO_INCREMENT=301;

--
-- AUTO_INCREMENT for table `users`
--
ALTER TABLE `users`
  MODIFY `id` int(10) UNSIGNED NOT NULL AUTO_INCREMENT;

--
-- Constraints for dumped tables
--

--
-- Constraints for table `reviews`
--
ALTER TABLE `reviews`
  ADD CONSTRAINT `reviews_product_id_foreign` FOREIGN KEY (`product_id`) REFERENCES `products` (`id`) ON DELETE CASCADE;
COMMIT;

/*!40101 SET CHARACTER_SET_CLIENT=@OLD_CHARACTER_SET_CLIENT */;
/*!40101 SET CHARACTER_SET_RESULTS=@OLD_CHARACTER_SET_RESULTS */;
/*!40101 SET COLLATION_CONNECTION=@OLD_COLLATION_CONNECTION */;
